Vorzeichen: das bedeutet nicht Gutartigkeit oder Bösartigkeit anderen Religionen gegenüber, sondern Gegentranszendentalien;Lebewesen (Vorzeichen: das bedeutet nicht Gutartigkeit oder Bösartigkeit anderen Religionen gegenüber, sondern Gegentranszendentalien);Beruf (Vorzeichen: das bedeutet nicht Gutartigkeit oder Bösartigkeit anderen Religionen gegenüber, sondern Gegentranszendentalien);Kreativität und Intelligenz und andere Geisteskräfte (Vorzeichen: das bedeutet nicht Gutartigkeit oder Bösartigkeit anderen Religionen gegenüber, sondern Gegentranszendentalien);Liebe (Vorzeichen: das bedeutet nicht Gutartigkeit oder Bösartigkeit anderen Religionen gegenüber, sondern Gegentranszendentalien);"Transzendentalien und Strukturalien ähnliche Sachen (Vorzeichen: das bedeuten Gegentranszendentalien), paradigmen-übergreifend (14) und meta-paradigmen-übergreifend (15) (Bei einigem müssen noch die Paradigmen und Metapardigmen „herausgerechnet“ werden, aus denen der Mensch besteht; nicht aus den mathematischen Strukturalien) (Es können auch unguter Weise auch Kombinationen von Paradigmen mit Meta-Paradigmen sein.) ";Primzahlkreuz von Leibnitz (Vorzeichen: das bedeutet nicht Gutartigkeit oder Bösartigkeit anderen Religionen gegenüber, sondern Gegentranszendentalien);Männer / Frauen (IMHO) (Vorzeichen: das bedeutet nicht Gutartigkeit oder Bösartigkeit anderen Religionen gegenüber, sondern Gegentranszendentalien);evolutionär erwerben  (Vorzeichen: das bedeutet nicht Gutartigkeit oder Bösartigkeit anderen Religionen gegenüber, sondern Gegentranszendentalien);Religionen (Vorzeichen: das bedeutet nicht Gutartigkeit oder Bösartigkeit anderen Religionen gegenüber, sondern Gegentranszendentalien);Motive (Vorzeichen: das bedeutet nicht Gutartigkeit oder Bösartigkeit anderen Religionen gegenüber, sondern Gegentranszendentalien);analytische Ontologie (Vorzeichen: das bedeutet nicht Gutartigkeit oder Bösartigkeit anderen Religionen gegenüber, sondern Gegentranszendentalien);Emotionen (Vorzeichen: das bedeutet nicht Gutartigkeit oder Bösartigkeit anderen Religionen gegenüber, sondern Gegentranszendentalien);Berühmtheiten und Personen (Vorzeichen: das bedeutet nicht Gutartigkeit oder Bösartigkeit anderen Religionen gegenüber, sondern Gegentranszendentalien);Mechanismen  (12) beim Züchten (Vorzeichen: das bedeutet nicht Gutartigkeit oder Bösartigkeit anderen Religionen gegenüber, sondern Gegentranszendentalien);Gegen-Transzendentalien bzw. Gegen-Strukturalien (Vorzeichen: das bedeutet nicht Gutartigkeit oder Bösartigkeit anderen Religionen gegenüber, sondern Gegentranszendentalien), paradigmen-übergreifend (14) und meta-paradigmen-übergreifend (15);kombinierte Wirtschaftssysteme;Maschinen, Geräte;Geist (15);Bewusstsein
2|1/3|2/3|3/2|6|1/10|13|14|1/16|16|1/26;Menschen (sehen überall spezielles Konkretes. Wir sind äußerst stark fokussiert und wir können viele Fähigkeiten erlernen. [2] Wir können alle Definitionen erlernen und alles mögliche definieren und sehen vieles als einzelnes Objekt. [1/10], Wir Menschen schaffen bessere Bedingungen [1/3]. Wir können erlernen, was notwendig [1/3] ist, um uns anzupassen, um zu leben [z.B. Haus haben oder Höhle], und wir Menschen lassen uns eine Rolle [1/16] überstülpen [z.B. Müller oder Schmied sein], dir wir durch andere für uns annehmen. Wir können eine Rolle erlernen. (hier nicht Plural, da Rolle ein Universumwort ist). Menschen  können wahrscheinlich besser kombinieren als jedes Tier. Wir können jegliches alles in irgend einer Form kombinieren und unsere Sprache besteht aus allerlei Kombinationen. Menschen achten mehr als wahrscheinlich alle anderen Tiere auf Form (2/3) und Inhalt (3/2), beides. Menschen haben eine Zahlenfetisch (6) und in der Wissenschaft ist überall die Zahl (6) als solche selbst sehr stark vertreten. Menschen verwenden Sprache (1/26).;;;;;;;;;;;;;;;;;;
1/2|7|10|1/10;;;Lyrik, Epik, Dramatik (ausführliche Art und Weise [1 / 2], Schönheit [7 mit 10], Definitionen als Kodierung in Lyrik [1/10]);;;;;;;;;;;;;;;;
5|9;;;;;das Allgemeine (größtenteils sicher);;;;;;;;;;;;;Spontanität: Motivation aus Impuls (5) und Lust (9), aber nicht aus Trieb (6) und nicht aus Gefühl (7);
10|7;;;;;Schönheit (100% sicher), mathematische Induktionsverfahren (sicher, obwohl dafür vielleicht noch u.a. die Kombination [14] nötig wäre), mathematisch: Vektor aus Wahrheitswerten statt Zahlen (sehr sicher) (Das ist wohl die best gewählteste Beschreibung als Mathe-Objekt für Schönheit.) (Schönheit ist sowohl ein Galaxiebegriff, als auch ein Universumbegriff. Das ist hier wohl einmalig so.), Verallgemeinerung, die durch Wahrheit, bzw. Logik verifiziert wurde, das sind in der Informatik die meisten Generierungen von irgendetwas, z.B. Fraktale. Das entspricht Schönheit selbst.;;;;;;;;;;das Hässliche (neutrale Gegen-Transzendentalie);;;spüren, empfinden (Wahrnehmen [10] mit Fühlen [7]), englisch: „to sense“;
7|9;;;;;"mathematisch: Vektoren aus Einheiten ohne Zahlen (also Winkel, statt Vektoren), wie z.B. in der Physik; Idealismus (halb sicher) (ist ggf. Paradigma statt Meta-Paradigma und besteht wohl auch aus weiteren menschlichen Typen n) ;wahrscheinlich falsch: Naivität, Konstruktivität, Unbescholtenheit";;;;;;;;;;;;;für etwas schwärmen oder begeistert sein (wenn es positiv ist, was hier immer gemeint ist): Motivation aus Gefühl (7) und Lust (9), aber nicht aus Trieb (6) und nicht aus Impuls (5);
7|12;;;;;Die Präzendenz der Richtungen, d.h. die Reihenfolge der Richtungen, z.B. um aus einem Labyrinth heraus-zu-gelangen;;;;;;;;;;;;;"das Ergehen und Befinden; Intuition (7 mit 12) [Orientierung (12) durch Gefühle (7), Gefühle (7) über die Orientierung (12)]";das Ergehen und Befinden
7|6;;;;;das Wohl, mathematisch der Vektor (beides 100% sicher) und die mathematische Matrix (größtenteils sicher);;;;;;;;;;das Übel (Dagegen-Gegentranszendentalie);;;Wohlbefindens-Arten;das Wohlbefinden, wie wohl man sich fühlt
7|5;;;;;"der Kreis (halb sicher);die Grundsätzliche Ausrichtung (nur linke Politik oder nur rechte Politik oder nur libertäre Politik); solche „ganze Richtungen“ wie z.B. Fachgebiete, Denkrichtungen, Agendas, Hauptstrategierichtungen eines Landes (größtenteils sicher); Assent (Englisch, philosophisches Wort): Zulassung, Akzeptanz (unsicher)";5. das Gute für sich wollen (Selbstsucht), 7. das Gute geben wollen (Selbstlosigkeit) ;;;;;;;;;;;;"nicht bloß Impulse besitzen, sondern impulsiv sein (in dem Wort versteckt sich das Emotionale), ggf. (nicht unbedingt negativ) launisch sein; nicht unbedingt seelisch instabil sein, jedoch assoziiert man dies gedanklich damit";
7|8;;;;;"Die Perspektive (größtenteils sicher) – noch mit  1/6 die Frage nach Klarheit also Verzerrung, etc. bei der Perspektive; Angewinkelter drehbarer mathematischer Raum, wie ein Würfel der beliebig gedreht und verwinkelt werden kann, und ein mathematischer Raum, der Winkel enthalten kann; Realität (als menschliches), aber nicht unbedingt Wirklichkeit (halb sicher), die Direktive, die Weisung (halb sicher)";;;;;;;;;;;;;;
9|10;;;;;"fertig-bekommen (größtenteils sicher) (weil Zweck [9] + Wirklichkeit [10]) (ist eine Form der Vollkommenheit); mathematisch so etwas wie die Physik oder BWL: Ein Gebilde aus Einheiten (9) und Gleichungen (10). (Die Rechenweise in der BWL und Physik ist genau so: Das Ergebnis fertig zu bekommen. Es ist jedes Mal der gleiche Prozess.)";;;;;;;;;;;;;;
5|6;;;;;"der Wunsch und das Bedürfnis und das Verlangen als Paradigma (sicher) ; der Konsum (Meta-Paradigma, halb sicher), mathematisch: natürliche Zahlen (größtenteils sicher)";;;;;;;;;;;;;Affekt: Motivation aus Impuls (5) und Trieb (6), aber nicht aus Lust (9) und nicht aus Gefühl (7);
5|11;;;;;"Holismus (=jegliche Ganzheitslehren [Ganzes als System]) (nicht auf der Ebene von Strukturalien, sondern von Michael Commons Komplexitätsstufen, also der Vermenschlichung der Strukturalien) (sicher); das Sonderbare (halbwegs sicher)";;;;;;;;;;;;;;
6|8;;;;;"Der dimensionale, „metrische oder normierte“  Raum (sicher); die Bestimmung im Sinne von Schicksal (halb sicher); die Norm und die Metrik (halb sicher)";;;;;;;;;;;;;;
5|5;;;;;Einzigartigkeit (unsicher);;;;;;;;;;;;;;
9|9;;;;;jegliches Alles (nicht sicher);;;;;;;;;;;;;;
7|7;;;;;das Gute selbst (nicht sicher);;;;;;;;;;;;;;
8|9;;;;;"einheitlich gleichmäßiger mathematischer Raum (größtenteils sicher) ;Errungenschaft (fast sicher); mathematisch: Symbole aus sogenannten formalen Grammatiken, die wie Variablen [9], bzw. Einheiten [9] von Zuständen [8] fungieren (halb sicher) (aber nicht die ganze Grammatik, da diese [u.a.?] auch aus Kombination bestehen muss)";;;;;;;;;;;;;;
-10|-6|+7;;;;;;;;;;;;;;;;;;;
9|6;;;;;"„Erfolg“ und mathematisch gesehen: die Einheit aus Zahlen (oder die Größeneinheit), wie Einheiten aus der Physik oder BWL (sehr sicher), eine Einheit (9), mehrere Belegungen von Zahlen (6) möglich; Strukturalie als Wort: Erfolg (halbwegs sicher)";;;;;;;;;;;;;Gier oder Begierde (beides hier nicht unbedingt negativ, da das alles hier nur den positiven Anteil immer meint);
10|7|8;;;;;Realismus (persönliche subjektive Weltwahrnehmung, statt Wirklichkeit [10] wie es physikalisch objektiv wäre) (halbwegs sicher) (ist ggf. Paradigma statt Meta-Paradigma und besteht wohl auch aus weiteren menschlichen Typen n);;;;;;;;;;;;;;
10|5|8;;;;;keine Ahnung, ob das stimmt: Eigenheit;;;;;;;;;;;;;;
10|8|9;;;;;keine Ahnung, ob das stimmt: Modelle;;;;;;;;;;;;;;
10|8|3|7;;;;;keine Ahnung, ob das stimmt: Tatsächlichkeit;;;;;;;;;;;;;;
10|6|5|5;;;;;die einzige, nicht nur das eine, aller wichtigste Sache, Ding, Lebewesen oder was es auch immer die einzige, nicht nur das eine, aller wichtigste Sache, Ding, Lebewesen oder was es auch immer ist, jedenfalls nur 1 ist es. Der monotheistische Gott selbst? (die 4 Buchstaben des jüdischen Gottes)?;;;;;;;;;;;;;;
10|14;;;;;"Problemlösungsstrategie (10 [Strategie] mit 14 [Problemlösung]); Aussagen-Logik ohne unäre Operation, d.h. ohne „nicht“ und ohne „ja“, nur mit binären Operationen, wie AND oder OR";;;;;;;;;;;;;;
11|13;;;;;;11. Fürsorge anwerben (so wie ein Kanarienvogel), 13. Fürsorge geben (als Helfer) ;;;;;;;;;;;;;
17|19;;;;;;17. Motivation nehmen (als jemand, der einen anderen abgeneigt ist), 19. Motivation geben (als Fan) ;;;;;;;;;;;;;
11|7;;;;;Systematik (halb sicher);;;;;;;;;;;;;;
-3|-6;;;;;;;;;;;;;;;;;;;
-7|-3;;;;;;;;;;;;;;;;;;;
+5|(-6)|(-7)|(-8)|+9|+1/9;;;;;;;;;;;;;;;;;;;
6/8|+2|+1/5|+1/6|+7|-10|(14)|(15)|(17)|(18);;;;;;;;;;;;;;;;;;;
6|7|8;;;;;eher falsch: Tensor und Matrix, aber vielleicht braucht man dafür gar nicht die 7, die Richtung, sondern 6 und 8 reicht womöglich;;;;;;;;;;;;;;
1|2|(3)|4|5;;;;;;;;;;;Determinismus und Indeterminismus;;;;;;;;
1|2;;;;;Gleichheit der gleichen Art auf die gleiche Art konkret zu sein (fast total sicher);;;;;;;;;;;;;;
-2|(+7)|-8|-13|-16|-17;;;;;;;;;;;;;;;;;;;
+7|10|12|14|(15);;;;;;;;;;;;;;;;;;;
-4|+7|+10|+13|+14;;;;;;;;;;;;;;;;;;;
-4|-7|+5|+3|-1|-15|+16|+21|-32|128;;;;;;;;;;;;;;;;;;;
1/5|6|(7)|(10)|-12|+1/16|-27;;;;;;;;;;;;;;;;;;;
2|3;;;;;"der Gegenstand, das Ding, das Dingliche, das Etwas (sicher) (Universum); Existenzialien (Universum) (halb sicher)";;;;;;;;;Hebel mit Einrastfunktion oder Waage oder Wippe oder Hoch-Stab-Springen;;;;;
3|4;;;;;;;;;;;;;;Rudern (ohne Lenken! weil ohne 7) oder Windmühle bzw. Wassermühle bzw. Windrad oder Segeln (ohne bestimmen der Richtung, weil ohne 7) oder Aerodynamik bzw. Fliegen bzw. Rotor;;;;;
3|4|7;;;;;;;;;;;;;;Rudern / Paddeln mit Bestimmen der Richtung;;;;;
3|-4|-6|-7|+10 ;;;;;;;;;;;;;;;;;;;
-1|-4|1/5|-6|-7|10|1/10|15;;;;;;;;;;;;;;;;;;;
-2|-4|+1/5|7|10|1/10|-32;;;;;;;;;;;;;;;;;;;
+2|-4|+7|+8|10|-17;;;;;;;;;;;;;;;;;;;
-4|1/5|(7)|-8|+10|12|+1/12|13|(+14)|(-32);;;;;;;;;;;;;;;;;;;
+1/8;;;;;;;;;;;;;;;;;;;
+5|(-8);;;;;;;;;;;;;;;;;;;
+1/6|+1/8;;;;;;;;;;;;;;;;;;;
1/6|7;;;;;"die klare Richtung; das, nicht durch Trübung, unverfälschte Gute";;;;;;;;;;;;;;
1/6|1/7;;;;;alles das größtenteils sicher: gleichgeschaltet sein wollen, mathematisch die Homogenität, (Übersichtlichkeit, Orientierbarkeit im Äußeren);;;;;;;;;;;;;;
6|1/7;;;;;alles das größtenteils sicher: Koordinaten (mathematisch), die Stellung (z.B. in sozialer Hierarchie, etc.), die Qualifikation (ich bin mir sicher);;;;;;;;;;;;;;
6|1/6|7;;;;;alles das größtenteils sicher: Vektorfeld bzw. Feld mit Feldstärke;;;;;;;;;;;;;;
6|1/6;;;;;alles das größtenteils sicher: die beliege Fließkommazahl oder das Prinzip der kontrinuierlichen Mathematik, ohne z.B. rationale Zahlen genau zu definieren (dazu wäre noch mehrere höhere Typen nötig, wie z.B. 13 und 15, aber die 1/6 wäre dafür wohl unnötig) ,Dichte (Strukturalie oder so), Synchronizität in Stärke (auch als Strukturalie) (d.h. alles das ist: alles Pures hohen Wertes, Wert der Pur ist, Reinheit im Sinn von Pur, also allgemeiner);;;;;;;;;;;;;;
1|4;;;;;identischer Zeitpunkt oder Zeitverlauf (in diesem Kontext: synchron) (sicher);;;;;;;;;;;;;;
+2|-4|+6/8|+1/5|+1/6|+7|-10|14|15|17|18|21|22|26|30;;;;;;;;;;;;;;;;;;;
+3/2|-4|3/4|1/5|1/6|-6|+7|10|+1/10|14|+18|+19|-21|22|24|+37;;;;;;;;;;;;;;;;;;;
6|7|10;;;;;"Erfüllung (größtenteils sicher bis 100% sicher); das metrisch schön Generierte (größtenteils sicher bis 100% sicher); Das Konzept oder der Entwurf (das Wort Design oder Plan ist zu speziell) (halb sicher)";;;;;;;;;;;;;;
1|5;;;;;das Selbe (ich bin mir sicher);;;;;;;;;;;;;;
1|6;;;;;alles das größtenteils sicher: Gleichheit als Durchführung der Frage ob! Aber nicht unbedingt tatsächliche Gleichheit (wie es bei 1 mit 2 in Kombination wäre);;;;;;;;;;;;;;
1|10;;;;;alles das größtenteils sicher: Kongruenz, Äquivalenz;;;;;;;;;;Inkongruent,  inäquivalent (neutrale Gegentranszendentalie);;;;
1|7;;;;;So ähnlich: Unmittelbarkeit d.h. Direktheit;;;;;;;;;;;;;;
10|15;;;;;allein nur der winzige Aspekt der künstliche-Intelligenz-Prolog Programmierung, dass zur Wahrheitsfindung rekursiv Informationsbäume durchwandert werden, Baumtraversion (sicher);;;;;;;;;;;;;;
8|4;;;;;"Das Werden [Istzustand, Veränderungszustand (das Werden) (sogenannte Invariante) oder Sollzustand, etc. - also Zustände zur Zeitachse; Raumzeit (4 mit 8), das „Dasein“ in der „Zeitlichkeit“ (M. Heidegger) während der „Eigentlichkeit“; Transformation (Veränderung [4] des Zustandes [8])]";;;;;;;;;;;;;;
8|10;;;;;"Deduktion (sicher, obwohl dafür vielleicht noch u.a. die Kombination [14] nötig wäre) der Wirklichkeit auf das Sein: in etwa der Physikalismus (sicher); der Gegenstand der Transzendentalphilosophie ohne Philosophie (sicher);  Logikgatter (Zustände [8] wahr [10] werden lassen und Zustände [8] bringen Wahrheit [10], Wirklichkeit [10]); Logikgatter ? Also „der Prozess“, weil Logikgatter im PROZESSor drin sind; Anwendung: Regelungs- und Steuerungstechnik oder Informatik-Automaten; Verfassungswirklichkeit (die realen Gegebenheiten innerhalb eines politischen Systems); und „der Befehl“, weil Prozessoren oft mit Assembler-Befehlen angesteuert werden können, zweite ganz andere Begründung: Befehle sind Zustände, die zur Wahrheit werden sollen oder Wahrheiten, die zu Zuständen werden sollen. ";;;;;;;;;;;;;;
6|8|10;;;;;halbwegs sicher: Logikgatter, die rechnen können (Wahrheit [Logik] aus Zuständen (8), die Zahlen (6) machen können) (Es könnte aber auch Struktursachen sein, bei denen etwas anderes der 3 auf etwas anderem der 3 basiert, usw.);;;;;;;;;;;;;;
1/8|10;;;;;die (u.a. wissenschaftliche, aber nicht ausschließlich wissenschaftliche) Theorie (fast sicher);;;;;;;;;;;;;;
1/8|1/10;;;;;halbwegs sicher: sogenannte mathematische Modellierung oder auch theoretische Grundlagen der Computerwissenschaften (beides ist fast das gleiche): mit Prinzipien Wahrheitsobjekte gestalten oder aus Wahrheitsobjekten Prinzipien gewinnen (Universum) (ich bin mir sicher);;;;;;;;;;;;;;
3|8|10|17;;;;;die Position des Dinges an sich und oder für sich, nicht aus Zahlen, sondern aus allerlei Dingen an sich und für sich aus der Philosophie;;;;;;;;;;;;;;
10|17;;;;;Die womöglich richtige (10) Meinung (17) haben entspricht, eine Überzeugung (10 mit 17) zu besitzen. (größtenteils sicher) (ist hier aber Paradigma und nicht Strukturalie alias Meta-Paradigma und es ist die menschliche Perspektive davon.);;;;;;;;;;;;;;
7|16|17;;;;;"Sehr sicher: eine gut (7) gesinnte Meinung (17) und Funktion (16) zu haben, entspricht einer Mathe Analysis Funktion mit „einer Richtung“, d.h. statt Werte aus Zahlen (6), aus Vektoren (6 mit 7) ohne Zahlen darin, also nur Winkel (7) im Defintionsbereich und Wertebereich;  (ist hier aber Paradigma und nicht Strukturalie alias Meta-Paradigma und es ist die menschliche Perspektive davon.)";;;;;;;;;;;;;;
3|(4);;;;;;;;;;;;;;;;;;;
10|12|14;;;;;boolsche Mengenoperationen Vereinigung mit mindestens 2 Operanden (größtenteils sicher);;;;;;;;;;;;;;
6|10;;;;;"Entweder ein Logik-Prädikat, das ausschließlich nur mit Zahlen befüllt ist – ohne irgendetwas anderes wie Quantoren oder Variablen – oder stattdessen sind Zahlen mit Wahrheit oder mit Logikprädikat die Fuzzylogic bzw. Besser das Fuzzylogic Ergebnis eines Logikprädikats; Ein Rechteck mit Länge als einen Wert (z.B. eine Zahl) und als Breite einen Wahrheitswert, z.B. Fuzzy Logic. Dieses Rechteck nennt sich ""die Frage nach der Wichtigkeit und Relevanz“ ; Abduktion (sicher, obwohl dafür sicherlich noch u.a. die Kombination [14] nötig wäre); Größtenteils sicher: die Wichtigkeit";;;;;;;;;;das Unwichtige (neutrale Gegentranszendentalie);;;;
7|10|12;;;;;Nicht sehr sicher: Arten (genauer: Mengen) von Wahrheitsvektoren, Vektoren, die statt Zahlen Wahrheitswerte haben und davon verschiedene Arten (so wie es verschiedene Zahlenarten gibt, basierend auf der Menge, d.h. Restklassen nicht, da die Klasse die 20 ist);;;;;;;;;;;;;;
6|12;;;;;"die Priorität (Zahlen der Priorität, die Hierarchiestufen zugeordnet werden);Größtenteils sicher: Mengen, die Zahlen definieren (wie z.B. rationale oder natürliche Zahlen) und Zahlen über Mengen, z.B. die Kardinalzahlen oder die Anzahl der Elemente einer Menge";;;;;;;;;;;;;;
-2|-4;;;;;;;;;;;;;;;;;;;
-2;;;;;;;;;;;;;;;;;;;
+10|+17;;;;;;;;;;;;;;;;;;;
+1/5|+10|13;;;;;;;;;;;;;;;;;;;
+1/5|+9|10|13;;;;;;;;;;;;;;;;;;;
+5|+9|13;;;;;;;;;;;;;;;;;;;
+5|-10|13;;;;;;;;;;;;;;;;;;;
1|8;;;;;Kongruenz (halb bis größtenteils sicher);;;;;;;;;;;;;;
2|7;;;;;Die Entscheidung (sehr sicher) (das Konkrete [2] impliziert u.a. Entscheidungen [2] überhaupt, aber dazu muss man eine Richtung [7] gehen, Fähigkeiten [2] bestehen aus einer Sequenz von Entscheidungen [2], aber auch hier muss man eine Richtung [7] gehen);;;;;;;;;;;;;;
4|7|10;;;;;größtenteils sicher: Mode, Stil von Epochen (ist hier aber Paradigma, statt Meta-Paradigma);;;;;;;;;;;;;;
2|3|-1/4;;;;;;;;;;;;;;;;;;;
1/7|1/10;;;;;das Robuste (größtenteils sicher);;;;;;;;;;;;;;
+6|+7|+10|-12|+13|+17|-18;;;;;;;;;;;;;;;;;;;
-3|-6|-8|-10|12|17|18|(22)|(29);;;;;;;;;;;;;;;;;;;
+6|-8|+1/8|10|(12)|14|17|18|20;;;;;;;;;;;;;;;;;;;
-3|2|-4|-7|10|17|(18)|(21)|(25);;;;;;;;;;;;;;;;;;;
1|5|-8|15|17|32;;;;;;;;;;;;;;;;;;;
+1/5|(+1/12)|(+1/9);;;;;;;;;;;;;;;;;;;
4|6|8;;;;;Geometrie (nicht jede Geometrie hat Winkel: 7) (Linearität [4], Längen [4 mit 6], Zahlen [6], Fläche oder Raum [8], metrischer Raum [6 mit 8]) (größtenteils sicher);;;;;;;;;;;;;;
-2|-5|9|13;;;;;;;;;;;;;;;;;;;
2|-8;;;;;;;;;;;;;;;;;;;
2|4;;;;;Zeitpunkt im Bezug zu Veränderung (größtenteils sicher);;;;;;;;;;;;;;
14|20;;;;;der Adapter – zumindest ist das Entwurfsmuster eines Adapters für eine Klasse (20) sowohl eine Kombination (14) als auch eine Klasse (20), schön (7 mit 10) sein können (2) (2*7 mit 2*10 = 14 mit 20), wenn man schön wäre;;;;;;;;;;;;;;
4|14;;;;;unbekannt welche Strukturalie, aber entscheiden (7 mit 2) können (2), wenn man entscheiden würde = 7*2 mit 2*2 = 14 mit 4;;;;;;;;;;;;;;
12|14;;;;;Operatorpräzedenz (Rangfolge [12] und Reihenfolge [12] des Rechnens bei einer Kombination [14] bzw. bei einer Formel);;;;;;;;;;;;;Koordination als Achtsamkeit (Geist);Bescheidenheit
3|7;;;;;Bezug im Sinne von Bezogenheit;;;;;;;;;;;;;;
2|5;;;;;"Anatomie eines Ganzen mit ihren Konkreten Teilen, Betrachtungen, Elementen, Bereichen, Räumen, etc. zusammen; und ggf. der Kontext zu dem, das größer als das Ganze ist.";;;;;;;;;;;;;;
+6|+2/7;;;;;;;;;;;;;;;;;;;
5|+1/7|-8|10|16|17;;;;;;;;;;;;;;;;;;;
2|4|-6|-7|10|17|18|21;;;;;;;;;;;;;;;;;;;
3|8;;;;;"Das Seiende ist Existenz (3) mit dem Sein (8) in Kombination; Bestand bzw. Inventar bzw. Rücklage ";;;;;;;;;;;;;;
3|8|10;;;;;Die Erkenntnis des Seienden, also z.B. „das Ding an sich“ oder „das Ding für sich“. (Ding nicht immer unbedingt im Sinn von „konkret“, ansonsten müsste die „2“ dazu.);;;;;;;;;;;;;;
(2)|(4)|+6|+9|10|14|+18|+19;;;;;;;;;;;;;;;;;;;
-1/5|+6;;;;;;;;;;;;;;;;;;;
7|8|10;;;;;der Gegenstand der Transzendentalphilosophie und durch die 7 mit Philosophie (7 mit 10);;;;;;;;;;;;;;
1/8|17;;;;;das Urteil;;;;;;;;;;;;;;
8|17;;;;;die Rechts-Verständnis-Position;;;;;;;;;;;;;;
2|12;;;;;Akzidens, während die 12 allein die Substanz (12) meint;;;;;;;;;;;;;;
4|1/6|7|10;;;;;der Plan (unsicher);;;;;;;;;;;;;;
4|7;;;;;Anpassung (Richtung mit Veränderung) (sicher);;;;;;;;;;;;;;
7|13;;;;;"Paradigmatik (verwandt zu Systematik); die graduelle Richtung, wie Fuzzy-Logik, nur nicht für Wahrheitswerte, sondern für Winkel-Angaben";;;;;;;;;;;;;Gemüt;
7|15;;;;;Rekursionssystematik;;;;;;;;;;;;;;
7|16;;;;;der Baum der Branchen, nicht nur Wirtschaftszweige (Zweige von Funktionstätigkeiten) (größtenteils sicher);;;;;;;;;;;;;;
4|6;;;;;das Zeitmaß und die Wertveränderung;;;;;;;;;;;;;(durch sich selbst) getrieben sein;
5|6|13;;;;;Sogenannte ganze Zahlen;;;;;;;;;;;;;;
2|6;;;;;genaue Zahlen, keine diffusen Zahlen, keine irrationalen Zahlen, aber deshalb nicht nur rationale Zahlen;;;;;;;;;;;;;;
3|6;;;;;Wertsachen: in der Welt vorhandener, nicht fiktiver Wert;;;;;;;;;;;;;;
6|11;;;;;Zahlensystem;;;;;;;;;;;;;;
6|14;;;;;Operation mit Zahlen (6) aus mindestens 2 Operanden. Das ist praktisch nur das Addieren (14), weil beispielsweise erst die Wiederholung (15) die Multiplikation (14 mit 15) bildet und die unäre (13) Operation die Subtraktion (13 mit 14). Dennoch meint „6 mit 14“ jegliche mehrstellige Operation von Zahlen.;;;;;;;;;;;;;;
6|16;;;;;eine Analysis-Funktion oder allgemeine Funktion aus Zahlenwerten in Definitionsmenge und Wertemenge;;;;;;;;;;;;;;
6|17;;;;;Positionsangaben aus Zahlenwerte;;;;;;;;;;;;;;
6|18;;;;;Vergleiche von Zahlen, die nicht auf einen Wert wie richtig oder falsch reduziert werden können, also ob eine Zahl größer als die andere ist, sondern, die im Verhältnis relativ bleiben;;;;;;;;;;;;;;
16|17;;;;;"die Positionen der Elemente von Wertebereich und Definitionsbereich in einer Analysis-Funkion; 17 allein kann auch andere Positionen meinen, als die von Funktionen.";;;;;;;;;;;;;;
4|1/7|8;;;;;wahrscheinlich: die Kultur (halb sicher) (ist wohl Paradigma hier, statt Meta-Paradigma);;;;;;;;;;;;;;
2|10;;;;;Die Tatsache oder Tatsachen, der Fakt oder die Fakten (größtenteils sicher);;;;;;;;;;;;;;
3|10;;;;;die vorhandene Wirklichkeit (größtenteils sicher) (das heißt nicht solche Sachen der Wirklichkeit, wie die sogenannte Berechenbarkeit und Entscheidbarkeit);;;;;;;;;;;;;;
1/2|10;;;;;die Gestaltung der Wirklichkeit und die mögliche Wirklichkeit (größtenteils sicher);;;;;;;;;;;;;;
1/3|10;;;;;die bedingte Wirklichkeit (größtenteils sicher);;;;;;;;;;;;;;
12|20;;;;;z.B. sogenannte Restklassen aus der Mathematik (größtenteils sicher);;;;;;;;;;;;;;
16|19;;;;;"die Extremalwerte und Sattelpunkte, etc. von einer Analysis-Funkion; 19 allein kann auch andere Extreme meinen, als die von Funktionen. (sicher)";;;;;;;;;;;;;;
10|16;;;;;die Funktionsgleichung oder Funktionsungleichung (größtenteils sicher);;;;;;;;;;;;;;
5|8;;;;;Ein einzigiger einzelner (unteilbarer oder zumindest nicht kaputter) Zustand (sicher) (ganz einfach und ganz allgemein);;;;;;;;;;;;;;
8|9|14;;;;;z.B. sogenannte formale Grammatiken aus der Informatik (bestehen aus Kombinationen [14] von Einheiten [9], die aus Zuständen [8] bestehen) (sicher);;;;;;;;;;;;;;
8|9|12;;;;;z.B. von Symbolen die Symbolmengen (d.h. Vokabular) (aus sogenannten formalen Grammatiken, die wie Variablen, bzw. Einheiten [9] von Zuständen [8] fungieren):  (sicher);;;;;;;;;;;;;;
1|1/5|2/3|14;Europide, Bio-Europäer;;;;;;;;;;;;;;;;;;
1|1/5|2/3|14|1/15|19;US-Amerikaner;;;;;;;;;;;;;;;;;;
11|14;;;;;vielleicht Systematik (Systeme auf systemähnliche Weise zu neuen Systemen kombinieren), aber Systematik kann wohl auch noch anderes meinen (sicher);;;;;;;;;;;;;;
10|13;;;;;"Die 2 Logik-Operationen: „Nicht“ bzw. NOT und „Ja“ bzw. „Nicht+Nicht=Yes“ (sicher); Fuzzy-Logic: Graduelle Wahrheit (größtenteils sicher)";;;;;;;;;;;;;;
10|13|14;;;;;Aussagen-Logik bestehend aus allen n-stelligen Operationen, unäre und binäre Operationen (sicher);;;;;;;;;;;;;;
6|10|13|14;;;;;Prädikatenlogik, bei der die Prädikate nur aus Zahlen (6) bestehen dürfen, es sei denn das hier ist eine Kombination mit etwas anderem als der 6, also dem Wert (6). (sicher);;;;;;;;;;;;;;
6|9|10|13|14;;;;;Prädikatenlogik, bei der die Prädikate nur aus Einheiten (9) aus Zahlen (6) bestehen dürfen, so wie in der Physik Einheiten aus Zahlen bestehen (sicher);;;;;;;;;;;;;;
(6)|8|10|13|14;;;;;;;;;;;;;;;;;"Prozessor bzw. Computer (6 in Klammern, weil Zahlen in Wirklichkeit aus Wahrheitswerten auf Prozessorebene bestehen), Zustände (8), weil nicht nur Automaten, sondern auch CPUs Zustände besitzen; Logik ist Wahrheit (10) und Kombination (14) und unäre Operation (13); Division (15) löst der Computer über Kombination (14) (Logik); Computer bestehen auf niedrigster Ebene fast nur aus Logik (10,13,14), in Form von Transistoren.";;
2|3;;;;;;;;;;;;;;;;;Gartengeräte, Handwerker-Gerätschaften;;
4|6;;;;;;;;;;;;;;;;;Uhr;;
6|8;;;;;;;;;;;;;;;;;Getränkeautomat oder Fahrstuhl;;
2|7;;;;;;;;;;;;;;;;;Boot;;
10|14;;Physiker;;;;;;;;;;;;;;;;;
1|9;;;;;die gleiche Variable oder Einheit, d.h. Gleichheit auf der Ebene der Variablen, statt auf dessen Inhalten, z.B. die Frage, ob Variable gebunden ist oder nicht (durch Quantoren);;;;;;;;;;;;;;
2;Menschenaffen;;;;;;;;;;;;;;;;;;
3;Hasen (haben Existenzängste);;;;;;;;;;;;;;;;;;
8|1/8;;;;;das Szenario, die Vorstellung eines Anwendungsfalls (ungefähr das ist es), aber ohne die Wirklichkeit (10) ist es ein Gespinnst, also etwas das man sich ausgesponnen hat und das bis hin gedanklich abwegig ist, bis hin realitätsfern ist;;;;;;;;;;;;;;
4|1/8;;;;;der Grundsatz, die Devise, das Motto;;;;;;;;;;;;;;
8|1/8|10;;;;;das Szenario, das es wirklich geben kann und die Vorstellung eines Anwendungsfalls, den es wirklich geben kann;;;;;;;;;;;;;;
10|10;;;;;eine einzige binäre logische Operation;;;;;;;;;;;;;;
10|10|10;;;;;Nur 2 binäre logische Operationen aus zusammen 3 Operanden oder auch ein dreistelliges Prädikat;;;;;;;;;;;;;;
6|6;;;;;eine einzige Rechenoperation aus 2 Zahlen als Operanden und einem Operator;;;;;;;;;;;;;;
7|7;;;;;eine einzige Rechenoperation aus 2 Richtungen als Operanden ohne Betrag und ohne Zahlen als Werte und einem Operator;;;;;;;;;;;;;;
7|1/7;;;;;"die Perspektive (weil: besteht aus Richtung und Position) (Universum) (unsicher); Friedfertigkeit (Galaxie oder Universum?) (unsicher)";;;;;;;;;;;;;;
7|1/8|10;;;;;"korrekte (10) Verallgemeinerungen (7) von grundsätzlichen Funktionsweisen (Prinzipien [1/8]): [b]Beispiel[/b] 1: Rekursion ist ein Prinzip von mehreren möglichen und somit ist strukturelle Induktion (die aus Rekursion besteht und ein Verallgemeinerungsbeweis ist) eine von mehreren möglichen Typen der Kombination ""7 mit 1/8 mit 10"". [b]Beispiel[/b] 2: Beweise auf Basis von iterativen Schleifen durch Schleifeninvarianten sind außerdem die Umsetzung einer korrekten (10) Verallgemeinerung (7) eines Prinzips (1/8). Das Prinzip ist hier die iterative Schleife. (For instance, the passing from Galois Groups to Weil Groups, is a generalisation of some kind, which can be seen as just a base change once the Langlands conjecture is proved, but historically it's not the case.)";;;;;;;;;;;;;;
4|10;;;;;"„Verbesserung, d.h. Optimierung“ (sehr sicher) ist die Kombination aus Veränderung (4) und Richtigkeit (10); halb sicher: Aktualität aus der Temporallogik, die eine Modallogik ist (Meta-Paradigma); Paradigma: Die Tragweite (unsicher) (d.h. die Bedeutung auf der Zeitachse, d.h. die Fähigkeit langfristig zu denken)";;;;;;;;;;;;;Achtung;
1|3;;;;;existenzielle Gleichheit, Gleichheit in der Existenz;;;;;;;;;;;;;;
5|10|1/8;;;;;der sogenannte Grundsatz (Axiome) (allgemein anerkannt, nicht weiter reduzierbar, nicht immer unbedingt ein Prinzip [1/8], manchmal ein Axiom, widerspruchsfrei und plausibel, muss einer Wahrheit [10] entsprechen) (sicher);;;;;;;;;;;;;;
1|12;;;;;auf exakt die gleiche Weise sind die Elemente der Menge unsortiert oder sortiert und bei einer einer komplexen Containerdatenstruktur kommt hinzu, dass deren Grundstruktur übereinstimmt, wenn z.B. Mengen in Mengen vorhanden sind. (größtenteils sicher bis sicher);;;;;;;;;;;;;;
2|3|1/8|16;;;;;;;;;;;;;Messias Ben Ephraim;;;;;;
1/3;;;;;;;;;;;;;Olaf Scholz;;;;;;
1/10;Hunde, aber Wölfe eher nicht;;;;;;;;;;;;;;;;;;
10|16;;;;;;;;;;;;;Elon Musk;;;;;;
1|1/2|8;Hauskatzen und Haus-Rasse-Katzen;;;;;;;;;;;;;;;;;;
14/12|13|14|15;;;;;Vielleicht: Algebra der Zahlenlehre, zumindest ist es mindestens der Bruch!;;;;;;;;;;;;;;
7/10|13|14|15;;;;;Vielleicht: Algebra der Logik, zumindest ist es mindestens der Bruch!;;;;;;;;;;;;;;
1/16;;Schauspieler und eigentlich jegliche Personen des öffentlichen Lebens;;;;;;;;;;;;;;;;;
16;;Alle diese Berufe, in denen man die ganze Zeit wie eine Maschine gut funktionieren muss;;;;;;;;;;;;;;;;;
1/14;;Arzt;;;;;;;;;;;;;;;;;
2|3|-7|1/8|16;;;;;;;;;;;;;Saturn 3.0;;;;;;
1|6;;;;;;;;;;sich mit jemanden identifizieren, d.h. sich als gleich (1 mit 6) sehen;;;;;;;;;
1|5;;;;;;;;;;sich selbst erkennen;;;;;;;;;
1|12;;;;;;;;;;Seelenverwandtschaft sehen;;;;;;;;;
1|8;;;;;;;;;;mit jemandem übereinstimmen (kongruent [1 mit 8]) sein;;;;;;;;;
2|3;;;;;;;;;;Furcht (fokussierte [2] Existenzangst [3]);;;;;;;;;
2|16;;;;;;;;;;konzentriert sein (fokussiert [2] zu funktionieren [16]);;;;;;;;;
3|16;;;;;;;;;;Durchhaltevermögen, Ausdauer (=zu funktionieren und dabei seine Existenz aufrechterhalten);;;;;;;;;
2|3|16;;;;;;;;;;Bewältigung (=Furcht + Ausdauer + Konzentration);;;;;;;;;
1|11;;;;;;;;;;Individualismus ausleben wollen (=anders sein wollen [11] und ein Individuum [1] sein wollen);;;;;;;;;
2|1/10;;;;;;;;;;bestimmen (im Sinn gemeint von: konkret [2] definieren [1/10]);;;;;;;;;
3|1/10;;;;;;;;;;die Gefahren definieren, gedanklich umreißen wollen;;;;;;;;;
2|3|1/10;;;;;;;;;;die Gefahren bestimmen wollen;;;;;;;;;
1/10|16;;;;;;;;;;jegliche Arten von Entwicklungen fabrizieren wollen (=funktionieren wollen + definieren wollen);;;;;;;;;
3|7|10;Slaven;;;;;;;;;;;;;;;;;;
1/12;;Ritter, national-treue Personen;;;;;;;;;;;;;;;;;
1|11;Hipster;Hipster (kein Beruf, sondern Freizeit);;;;;;;;;;;;;;;;;
1|4|5|1/5;westliche Kultur;;;;;;;;;;;;;;;;;;
20|21;;;;;"halb sicher bis größtenteils sicher: die sogenannte statische Klasse aus der Software-Entwicklung und als etwas ähnliches wie eine statische Klasse, das Software Programm-Modul; auf paradigmischer Ebene (14): Operationsbasis / Unterbau-Sockel ";;;;;;;;;;;;;;
17|1/17;;;;;Die durch Wahrscheinlichkeitsrechnung bestimmte Perspektive (weil: besteht aus Richtung und Position) (Universum);;;;;;;;;;;;;;
2|1/3|2/3|3/2|3|6|1/6|7|1/8|10|1/10|13|1/14|14|15|1/15|16|1/17|18|(19)|21|(1/22)|24|26|1/29|30|1/30|31|1/31|33|37|42|43|46|48|51|52|(53)|56|57|60|61|63|66|69|70|74|76|77|85|89|91|111|120|1/136;;;;;;;;;;;;;Jupiter 3.0;;;;;;
8|12;;;;;Substanz (als Sein, statt als Seiendes) (Eigenschaften [12] mit dem Sein [8] – bzw: Eigenschaften, die von der Substanz getragen werden);;;;;;;;;;;;;;
3|8|12;;;;;Substanz (als Seiendes, statt als Sein) (Eigenschaften [12] mit dem Seiendem [3 mit 8] – bzw: Eigenschaften, die von der Substanz getragen werden);;;;;;;;;;;;;;
6|6|7|7;;;;;die Matrix als Kombination von 2 Vektoren („7 mit 6“ mit „7 mit 6“) statt 6|6|7|7;;;;;;;;;;;;;;
6|6|6|7|7|7;;;;;3 dimensionaler Tensor aus „7 mit 6“ 3 mal kombiniert mit sich selbst, also 3 Kombinationen einer Kombination, wo die 3 je eine Kombination aus 2 Operanden haben;;;;;;;;;;;;;;
13|14;;;;;"das Heil (größtenteils sicher); z.B. Subtraktion (nicht nur) (auch alle Operationen, ohne die 14 mit der 13 zu kombinieren bei „13 mit 14“, also 13 mit 14 ist auch nur die 14, weil „ja“ oder „Plus“ auch eine unäre Operation ist)";;;;;;;;;;;;;;
14|15;;;;;"""Transzendentalie der Verantwortung"" ; Ein mal wiederholende (15) Addition (14) ist die Multiplikation (14 mit 15), Addition ist aber nur ein Beispiel für mögliche Kombinationen";;;;;;;;;;;;;;
14|15|15;;;;;Zwei mal wiederholende (15) Addition (14) ist die Potenzierung (14 mit 15 mit 15), Addition ist aber nur ein Beispiel für mögliche Kombinationen;;;;;;;;;;;;;;
13|14|15;;;;;z.B. u.a. Division, weil wiederholende (15) Addition (14) Multiplikation (14 mit 15) ist und die Umkehrung (13) der Multiplikation (14 mit 15) die Division (13 mit 14 mit 15) ist. (auch alle Operationen, ohne die 14 mit der 13 zu kombinieren bei „13 mit 14 mit 15“, also 13 mit 14 mit 15 ist auch gleichzeitig nur  „14 mit 15“, weil „ja“ oder „Plus“ auch eine unäre Operation ist);;;;;;;;;;;;;;
13|14|15|15;;;;;"Zwei mal wiederholende (15 mit 15) Addition (14) ist die Potenzierung (14 mit 15 mit 15) und dessen Negierung (13) ist die Wurzel (13 mit 14 mit 15 mit 15) oder der Logarithmus; (Addition ist aber nur ein Beispiel für mögliche Kombinationen [14].)";;;;;;;;;;;;;;
14|15|15|15;;;;;Drei mal wiederholende (15 mit 15 mit 15) Addition (14) ist der Potenzturm (14 mit 15 mit 15 mit 15), Addition ist aber nur ein Beispiel für mögliche Kombinationen;;;;;;;;;;;;;;
13|15;;;;;Wiederholungen oder Traversierungen oder Rekursionen in beide entgegengesetze Richtungen möglich (größtenteils sicher);;;;;;;;;;;;;;
5|6|13|13|14|15;;;;;rationale Zahlen (13 macht aus „natürlichen Zahlen“ [5 mit 6] ganze Zahlen [13|5|6] und aus der Multiplikation [14 mit 15] die Division [13 mit 14 mit 15]);;;;;;;;;;;;;;
10|12|13|14;;;;;boolsche Mengenoperationen Schnittmenge mit mindestens 2 Operanden (größtenteils sicher);;;;;;;;;;;;;;
10|12|14|15;;;;;boolsche Mengenoperationen Potenzmenge mit mindestens 2 Operanden (größtenteils sicher);;;;;;;;;;;;;;
10|12|13;;;;;boolsche Mengenoperationenen, sowohl die inverse Menge als auch die gleiche Menge ohne Unterschied (größtenteils sicher);;;;;;;;;;;;;;
4|8;;;;;Zeitspanne (größtenteils sicher);;;;;;;;;;;;;;
4|2/12;;;;;"Konkretisierung (so verändern [4], dass aus etwas Abstraktem [12] etwas Konkretes [2] wird) (oder es ist die Funktion [16]: ""n mit 12"" -> ""n mit 2"", statt einer Kombination [14])";;;;;;;;;;;;;;
7;Kuh;;;;;;;;;;;;;;;;;;
24|26;;;;;Peer-to-Peer Netzwerk;;;;;;;;;;;;;;
26|28;;;;;Peer-to-Peer Topologie;;;;;;;;;;;;;;
1/5;;Influencer auf Youtube;;;;;;;;;;;;;;;;;
12|18;;;;;"Relationale Datenbanken, die innen eine Reihenfolge haben; Paradigma (13): geordnete (12) Verhältnisse (18), d.h. also, dass etwas gelingen (12 mit 18) soll. Dadurch kann (2) man erfolgreich (9 mit 6) sein, also 2*(9 m 6) == 12 m 18.";;;;;;;;;;;;;;
9|13;;;;;;;;;;;;;;;;;;Begierde oder Wollust;
13|15;;;;;;;;;;;;;;;;;;die bewusste Absicht oder das absichtsvolle Bewusstsein, z.B.  der Wille (konkret [2] mit Absicht [1]);
7|14;;;;;Der Rechenweg oder der Lösungsweg;;;;;;;;;;;;;Laune;
32|33;;;;;Funktorkategorie (halb bis größtenteils sicher);;;;;;;;;;;;;;
30|33;;;;;universeller Funktor (halb bis größtenteils sicher);;;;;;;;;;;;;;
31|33;;;;;natürliche Transformation (Morphismen zwischen Funktoren) (halb bis größtenteils sicher);;;;;;;;;;;;;;
33|14;;;;;Multifunktoren (halb  sicher);;;;;;;;;;;;;;
17|32;;;;;The giry monad (halb sicher);;;;;;;;;;;;;;
10|19|16;;;;;Optimierung (größtenteils sicher);;;;;;;;;;;;;;
9|1/9;;;;;;;;;Religion 9, Bahai;;;;;;;;;;
2|7|10|14|15|1/15|17|22;;;;;;;;;Religion 10 (Jupiter 3.0);;;;;;;;;;
2|1/6;;;;;Genauigkeit, Präzision, ungetrübt, ohne Verzerrung;;;;Eckhart Tolle, aber eigentlich nicht Bewusstsein (15) 4, sondern Wach-Bewusstsein (1/15) 4;;;;;;;;;;
4|12;;;;;die Priorität;;;;;;;;;;;;;;
12|13|14;;;;;die Inventur, mathematisch: Mengen als Vereinigungsmengen und Mengensubtraktionen;;;;;;;;;;;;;;
(2)|7|14|30|52;Anführer-Spezies der Föderation mehrerer Außerirdische, die 3 mal Typ 7 sind;;;;;;;;;;;;;;;;;;
2|1/5;;;;;sukzessiv (d.h. alles das sowohl kontinuierlich als auch konkret ist);;;;;;;;;;;;;;
28|8;;;;;topologischer Raum;;;;;;;;;;;;;;
28|8|6;;;;;metrische Topologie = topologischer Raum mit Metrik = Geometrie mit Topologie;;;;;;;;;;;;;;
14|1/14;;;;;Rekonstruktion und Reverse-Engineering: Analyse und Kombination in Kombination zusammen ermöglichen vollkommene Neustrukturrierung, wie dass man mit Lego alles immer wieder neu Kombinieren kann.;;;;;;;;;;;;;;
4|6|12;;;;;die Prioritäts-Warte-Schlange;;;;;;;;;;;;;;
5|1/8|12|14;;;;;die algebraische Struktur (größtenteils sicher);;;;;;;;;;;;;;
12|13;;;;;"""Instandhaltung als Sozialverantwortung, Dienst, Pflicht und Wohlfahrt""; mathematisch: sortieren (größtenteils sicher)";;;;;;;;;;;;;Tugend;
12|15;;;;;rekursiv generierte (u.a. ggf. durch Generierung unendlich tiefe) Mengen oder Tupel oder Computerwissenschaft-Container-Datenstrukturen;;;;;;;;;;;;;;
18|24;;;;;Graphdatenbank (größtenteils sicher);;;;;;;;;;;;;;
5|10;;;;;Grundsätze, die nicht alle unbedingt axiomatisch sein müssen, also keine Grundsätze, ohne dass diese Prinzipien sein müssen;;;;;;;;;;;;;;
1|5|9|1/9|19;Katzenaußerirdische der Bahai (haben aber noch höhere Zahlen);;;;;;;;;;;;;;;;;;
1|3|5|1/5|6|1/6|10;;;;;;;;;Scientology;;;;;;;;;;
30;;Genie;;;;;;;;;;;;;;;;;
30|60;;Universal-Genie;;;;;;;;;;;;;;;;;
30|90;;so etwas wie ein Universal-Genie: nur anstelle Experte in vielen Fachgebieten zu sein, diese Fachgebiete durch die 90 verbinden zu können, ohne darin Experte zu sein;;;;;;;;;;;;;;;;;
30|60|90;;so etwas wie ein Universal-Genie: und sowohl durch die 60 Experte in vielen Fachgebieten zu sein, als auch diese Fachgebiete durch die 90 verbinden  zu können;;;;;;;;;;;;;;;;;
30|15;;ein Genie, dem es um den nachhaltigen Nutzen für seine eigene Spezies (hier also die Menschheit) geht;;;;;;;;;;;;;;;;;
26|1/26;;;;;Kommunikation ist die Kombination aus Sprache (1/26) und Bidirektionalität (26) (Kommunikation ist nicht immer Information und  nicht immer Datenstrom);;;;;;;;;;;;;;
25|1/25;;;;;die Informationsübertragung ist Unidirektionaler (25) Datenstrom (1/25);;;;;;;;;;;;;;
30|31;;;;;;;;;;;;;;;;;;;feinstoffliche Energie (in der Esoterik bekannt)
61|97;;;;;;;;;"Buddhistische hohe Pro-Außen-Primzahlen: offener Geist; anderen den Vortritt bei der Fortpflanzung zu lassen, wie Mönche und so noch sehr viel mehr Kinder als Nachkommen besitzen zu werden";;;;;;;;;;
97|103;;;;;;;;;"christliche hohe Pro-Außen-Primzahlen: wie Mönche und so noch sehr viel mehr Kinder als Nachkommen besitzen zu werden; Feindesliebe";;;;;;;;;;
