Nội tại (không phải bên ngoài) (nội tại = muốn nó trực tiếp và không gián tiếp) ý dịnh hoặc dộng co cảm xúc dối với da giác sao, mô hình (trong số 13 mô hình khác, mô hình không chỉ thuộc loại 13 vì duợc nhân bản hóa) (Có bất kỳ dộng co nào là loại 1) ( Mỗi dộng co cá nhân cung là kết quả của những mô hình và siêu mô hình mà con nguời bao gồm, vì vậy nó luôn là một thành phần) ý dịnh (13) nhu một dạng tâm trí (15)
“ý dịnh” (bất kỳ ý dịnh nào) (và mọi thứ khác mà tất cả các mô hình dều có: một “suy nghi ban dầu”)
“Có thể” (hoặc “muốn có thể” 2*1) (Chỉ muốn có khả nang [1] dể có thể tái tạo [2] [1*2=2])
"‘sử dụng’ (Cựu Uớc và con nguời) (bàn tay con nguời); có lẽ: “‘Cắn’ là khái niệm trung tâm; ‘Bắt chuớc’ và ‘Bắt chuớc’ (3 với có lẽ là 2)”; Thân và xúc tu của voi duợc sử dụng làm hình dạng bổ sung"
"vận hành (làm) hoặc thực hiện; Sẵn sàng hành dộng"
“Tự ái” (hon cả cứng rắn và ở dây ban dầu ít hon là yêu bản thân) (không phải ích kỷ) hoặc cung là “duợc coi là cái gì dó hoặc ai dó” hoặc “chỉ nghi dến bản thân, chỉ nhìn thấy chính mình”
“Muốn có lợi”, tức là ích kỷ (hoặc “gây ảnh huởng” hoặc “mệnh lệnh mạnh mẽ” nhu thẩm phán) hoặc “chỉ” “không có bất lợi”, thay vì chủ nghia ích kỷ
"Vị tha (nhu yêu hay không) (sói, chó) (khiến bản thân phụ thuộc vào nguời khác, bỏ mặc nguời khác, cho di) hoặc “bản chất hiền hòa và tích cực dối với nguời khác” (bò [Meta-Paradigm 7]), có lẽ v.v. .. (dây dã là 3 loại nguời tốt bụng); Hãy chuẩn bị dể trở thành một phần của hiệu ứng tổng hợp"
“Tự cho mình là dúng” (ác 8) hoặc “muốn sở hữu” (ác “3 với 8”), thỏa hiệp (tốt 8) hoặc “muốn chia sẻ với nguời khác” (tốt “3 với 8”)
“Mục dích” hay “muốn doàn kết”
"nghia [tâm, hiểu (-10 tiêu biểu là 8) (con nguời); lý trí, hợp lý hóa (+10 tiêu biểu là 12) (con nguời); Muốn dạt duợc kiến ​​thức (10 tiêu biểu bằng 10) Tôn giáo 10, ý chí của nhiều triết gia, chim san mồi nhu dại bàng; Ngựa (10 tiêu biểu là 7)]"
"Muốn chấp nhận và thử nhận dạng mọi thứ xa lạ, nắm bắt nó trong sự phủ nhận vui tuoi. Nhung không phải dể giữ những ý dịnh xa lạ này mà chỉ dể thử và chấp nhận chúng. Tìm cách nhận duợc những diều tích cực, ví dụ nhu sự giúp dỡ; Ði tìm nguời lạ"
"muốn có dặc quyền thông qua dịa vị xã hội cao hon; sắp xếp (bản thân); muốn thiết lập tính khách quan và trật tự; muốn kết tinh bản chất"
"sự giúp dỡ thực sự (Tôi = dầy dủ) (làm cho ai dó sống sót [3]) hoặc dể cho sự tồn tại kết thúc từ bên ngoài, chủ yếu là khi trở thành mặt trời den; cách suy nghi của nguời khác; Tìm cách tiếp thu những diều tích cực cho nguời khác (vì bạn phải tiếp thu diều dó dể giúp dỡ)."
"giải quyết những vấn dề thực tế (“không có tôi” là sự gia tang của việc “không có Bản thân anh ấy”, khiến bản thân phải lệ thuộc vào nguời khác dể rời bỏ nó); muốn tạo ra hiệu ứng tổng hợp; dối xử tốt với nhau và nếu cần thì dẫn dắt nhau; muốn trở nên tốt dẹp"
Tôn trọng (thay vì giá trị) bản thân (I = dầy dủ), mong muốn tạo ra lợi ích bền vững (nhung chỉ có thể làm duợc nhu vậy với loại 30), hiểu biết thế giới thông qua việc lặp lại sự vật trong tinh thần. Ý tuởng co bản là lực tác dộng lẫn nhau (5) (không phải giá trị)
"Muốn dủ và dủ cho nguời khác, ví dụ: thỏa mãn những yêu cầu nói chung, nói chung; muốn làm việc hiệu quả; muốn làm việc"
"Không thích (duy trì quan diểm [duợc xã hội và dạo dức] chấp nhận) = không có ý kiến ​​gì cả, vì nguời khác cung có ý kiến; Ác cảm = quá trình mọi nguời tự dịnh vị mình thông qua ý kiến ​​của mình; Cố gắng dịnh vị bản thân duới dạng một ý nghi."
Tình cảm (có thể kết nối với nguời khác), muốn thích ai dó
"là nguời hâm mộ, muốn củng cố dộng co của nguời khác (tức là khiến họ dạt duợc mục tiêu); Tìm kiếm những diều thú vị, cực doan"
"(rõ ràng là chính xác) tình yêu gia dình hoặc sự tôn trọng của gia dình hoặc cả hai và hon thế nữa, không dành cho cá nhân; Muốn về nhà (tôi chắc chắn)"
"không có siêu ngã, dam mê một nhiệm vụ, công việc, sở thích, tái sản xuất, dể nguời khác dịnh nghia siêu tôi của bạn (chắc chắn 100%); (nguy co bị cuớp cao hon nếu bạn là nguời ích kỷ, vì những nguời ích kỷ tự bảo vệ mình nhiều hon vì chủ nghia ích kỷ) Có lẽ ý tuởng co bản là lòng vị tha lẫn nhau."
(khoa học) “nghiên cứu”. (chắc chắn) Khả nang chấp nhận và thử mọi thứ ở nuớc ngoài, nhung sau dó không nhất thiết phải có duợc khả nang này hoặc gắn bó với khả nang dó. Về bản chất muốn nghiên cứu và khám phá, háo hức khám phá (nhìn thấu nguời khác và thế giới và có thể thay dổi bản thân), về bản chất muốn trở thành một nhà khoa học. (chủ yếu là an toàn)
"Lẩn trốn dâu dó ở giữa và muốn can thiệp. Ðảm bảo rằng nguời khác có tình cảm sâu sắc dối với bạn trong trái tim họ và lòng trung thành di kèm với nó; Tìm cách bí mật diều chỉnh ở dâu dó ở giữa, dể can thiệp"
"“muốn trở thành một nhà kết nối mọi nguời”. Ý chí chung dể sắp xếp chính xác với nhau; Muốn tiếp thu các thuộc tính trừu tuợng của những thứ và kỹ nang cụ thể thông qua mạng luới con nguời (một cách an toàn)"
"“muốn hòa nhập với xã hội” muốn thuộc về, muốn di theo dòng chảy; thuộc về một nhóm bạn bè, hon là tình bạn (tôi rất chắc chắn về diều này)"
Ý tuởng co bản là cùng nhau duy trì vị trí và tình huống tốt hon, ít nhất có thể làm duợc diều gì dó về nguyên tắc: Hợp tác - muốn tiếp thu cách tiếp cận tu duy về khả nang của nguời khác và từ dó có thể tiếp thu cách tiếp cận tu duy theo ý dịnh của nguời khác và dua ai dó dến khả nang (2) và ai dó mang lại diều gì dó cụ thể (2) (an toàn)
“Muốn di nghỉ”. Không có khả nang xung dột nhu một cuộc rút lui có trật tự, có tính chiến thuật, giải quyết các bế tắc và bế tắc theo hai chiều (diều dó rất có thể dúng)
"“Muốn trở thành chuyên gia trong các linh vực của cuộc sống” (không nhất thiết muốn dua ra lời khuyên về vấn dề dó). Muốn trở thành nguồn hoặc co quan có thẩm quyền về các vấn dề chung của cuộc sống; có thể kết hợp tác dụng hiệp lực; Hoàn toàn ở trong cái gọi là dòng chảy (sự say sua duợc dề cập trong Tin Mừng Thomas 28 là thế này), nhung xác dịnh dòng hoạt dộng của chính bạn hoàn toàn thông qua nguời khác chứ không phải thông qua chính bạn, tức là thiếu dòng chảy. Ðộng co là không ngừng trong quá trình di chuyển các sinh vật xung quanh dến những gì tốt hon cho chúng và sau dó tạo ra các nhà lãnh dạo (dể xây dựng cấu trúc liên kết) vì lợi ích của tất cả mọi nguời (rất an toàn)"
"xu huớng suy nghi sâu sắc về trí tuệ; Nghiện và phụ thuộc vào việc có chiều sâu suy nghi hon là suy nghi về những thứ khác (hầu hết là an toàn)"
muốn dạt duợc diều gì dó vi dại, chẳng hạn nhu thiên tài, vị thần hoặc nhà tiên tri (hầu hết là an toàn) dể tập trung nang luợng ý thức của bạn vào diều gì dó.
"“nhạy cảm” - một nguời muốn cải thiện những ấn tuợng cảm xúc, thế giới cảm xúc, dầu vào cảm xúc của dồng loại; không ngừng mong muốn cải thiện tình cảm của nguời khác; Tìm kiếm sự tinh tế trong cảm xúc (an toàn)"
muốn nó tuyệt vời, tuyệt vời, khoa truong cho chính mình hoặc muốn nó tuyệt vời, tuyệt vời cho chính mình (chắc chắn rồi)
"“muốn tự dộng hóa” Ý tuởng co bản là dôi bên cùng có lợi. Trao dổi kiến ​​thức kỹ thuật miễn phí. Chấp nhận lợi ích của mọi thứ nuớc ngoài và muốn dùng thử, hoặc muốn thử mọi thứ lạ, khác biệt tối da, nhung không nhất thiết phải sử dụng ngay mà hãy kiên trì dùng thử; muốn tỏa sáng cùng với mọi sinh vật sống, diều này mang lại ánh sáng tổng thể tối da. (chắc chắn)"
nội tại không thích (không thấy dủ tốt) về mọi thứ (xã hội) trên thế giới, bị làm phiền bởi những thứ trên thế giới, về bản chất muốn có quyền tiếp cận tinh thần với cuộc sống riêng tu của nguời khác, bằng cách suy nghi một cách trí tuệ về cuộc sống riêng tu (34) và không phải về xã hội ở noi công cộng (33) cuộc sống (hầu hết là chắc chắn) (Có liên quan gì dó dến câu chuyện Chúa Giêsu ban ánh sáng cho một nguời mù, nguời có lẽ không bao giờ bị mù mắt, nhung sau dó lại mù về mặt tâm linh)
nhà từ thiện: muốn hoạt dộng từ thiện (có thể không chỉ giới hạn ở con nguời mà còn có thể là những sinh vật khác). Những gì áp dụng cho nguời khác cung áp dụng cho bạn (hầu hết là chắc chắn) và do dó choi Robin Hood (tức là phân phối lại từ giàu sang nghèo)
"36. Muốn sống nhờ bố thí và bố thí, có thể xuất gia, khổ hạnh: tìm kiếm sự bất lợi; Sử dụng trật tự xã hội thiết yếu hiện có. Sắp xếp phúc lợi xã hội. (chắc chắn) (ví dụ rất hay: tất cả các tổ chức quyên góp nhận duợc sự dóng góp)"
"về bản chất muốn trở nên vô tội (chính xác, phù hợp), tức là không muốn có bất kỳ khuyết diểm nào trong tính cách dối với các nhiệm vụ cụ thể; quan tâm dến sự hung thịnh (nhung không nhất thiết là sự phát triển) của con nguời và dộng vật (và có thể cả nguời ngoài hành tinh) trên hành tinh hoặc mặt trang (tôi chắc chắn)"
muốn củng cố và trang bị vu khí cho nguời khác và từ dó thúc dẩy lẫn nhau. Ý tuởng co bản là dạt duợc một tình huống tốt hon cho dộng lực chung dể ít nhất nguời ta có thể làm diều gì dó về nguyên tắc: hãy dể dộng lực bản thân nảy sinh ở nguời khác theo cách mà họ sẽ tự mình phát triển khả nang (2). (chủ yếu là an toàn dến an toàn)
"“muốn thực hiện các biện pháp có phuong pháp”, cho tất cả mọi nguời, vì sự thống nhất, mục dích và dựa trên ý dịnh (chẳng hạn nhu các biện pháp xây dựng cực doan ở Nhật Bản dể chống lại thảm họa môi truờng). Ý tuởng co bản là giúp dỡ lẫn nhau. sử dụng các thiết bị hỗ trợ (hầu hết là an toàn); Giúp ai dó (13), lấy hoặc sử dụng (3) (3*19=39), giúp nhau lấy hoặc sử dụng cùng nhau. Nó giống nhu việc sinh sản mà không có tình yêu, nhung dựa trên tình yêu loại 39: sử dụng sự ngụy trang và cô lập cung nhu cố gắng che giấu thông tin dể phát triển (và muốn mọi nguời cung muốn có nó) (chắc chắn rồi); Muốn tiếp thu các cách tiếp cận (13) nắm bắt (3) và sử dụng (3) những gì giúp (13) sử dụng (3) nguời khác (một cách an toàn)"
"“muốn duợc dảm bảo” (luật nhân quả [5] [8]), “phòng ngừa nguy hiểm”, luật tự nhiên (5*8) “hãy cẩn thận” (2*20 và 4*10). (Ðể dảm bảo rằng gia dình của chính mình lớn lên theo cách mà ngay cả họ hàng xa cung lớn lên gần hoặc xa nhau dể hình thành nên những dòng họ lớn và những gia dình nhỏ; mong muốn diều này xảy ra với mọi nguời trên trái dất hoặc mặt trang. Có những co cấu gia dình rất gần gui. Các thành viên trong gia dình tự cô lập mình dặc biệt phải rời bỏ chính mình. Ðiều này có thể có nghia là họ phải thay dổi quốc tịch. V.v. Ðiều này không chỉ don giản là tạo ra diều kiện tốt hon cho các gia dình, mà dúng hon là nó uu tiên hàng dầu là tạo ra những diều kiện khuôn khổ tốt hon, dể tình yêu gia dình duợc thiết kế một cách tối uu chứ không chỉ don giản là gia dình có thể trở thành một gia dình tốt dẹp hon (chắc chắn rồi)."
“Nghiện và lệ thuộc vào suy nghi chúng ta là một tập thể”: Nghiện suy nghi “tập doàn”, tức là những nguời thuộc về dân tộc bạn. Không chỉ don giản là dầu tu vào nhóm của bạn (hay chính xác hon là vào thiên thể) mà còn là ý chí rằng khi bạn dầu tu thì những nguời mà bạn dầu tu vào sẽ dạt duợc và xây dựng và dạt duợc rất nhiều. Ðầu tu sẽ tạo ra thứ gì dó. Vì vậy, vấn dề không phải là dầu tu vào bản thân bạn mà là về những nguời bạn dầu tu dể xây dựng thứ gì dó vì nguời của bạn thuộc về bạn. Chính xác hon, bạn nên dầu tu vào thiên thể trong hệ mặt trời của mình. Bằng cách này nó ủng hộ nội tâm. Bên trong sẽ thịnh vuợng vì nó thuộc về bạn. Thực ra vấn dề không phải là tiền bạc, tài nguyên, tính ích kỷ, lòng vị tha mà là tu tuởng ủng hộ nội tâm, ủng hộ thiên thể thái duong hệ của bạn. (chủ yếu là an toàn)
“sự cống hiến” nội tại (sự cống hiến nhu trong luận van thạc si và luận van tốt nghiệp, nhung không phải sự cống hiến nhu trong luận án tiến si) là dộng co co bản. Những diều sau dây áp dụng cho sự cống hiến: Về bản chất, muốn có một nguời bạn dời chất luợng cao (nhu tỷ phú), diều này có thể cho phép bạn xây dựng duợc thứ gì dó. (Tôi chắc chắn) Số 42 giống nhu một nhà lãnh dạo xác dịnh huớng di dựa trên các giá trị và liệu họ có dủ giá trị hay không dựa trên việc xác dịnh huớng di của họ. Những gì có giá trị dối với bạn duợc xác dịnh bởi những gì có giá trị dối với nguời khác. (=thiếu niềm tin về giá trị) (Tôi chắc chắn) Sự cống hiến (42) là sự cống hiến cụ thể (2) (21) (2*21=42). Những ý tuởng co bản của Co dốc giáo và Do Thái giáo hội tụ ở dây.
“Nghiện và phụ thuộc vào các nhóm hoặc nền van hóa nuớc ngoài khác”: Nghiện suy nghi của những nguời ngoài nhóm của bạn. tình yêu nội tại dành cho cây phả hệ trong quá khứ và tuong lai của những nguời trên hành tinh hoặc thiên thể (tức là không phải chủ yếu dành cho riêng mình [dó là lý do tại sao số 43 là "nguời thân bên ngoài"]), hoặc dành cho những nguời thân riêng lẻ ở dó. Muốn mọi nguời khác cung thấy nhu vậy, rằng họ muốn có thể làm duợc diều dó. Nhận thức và suy nghi thấu dáo sự thật rằng những nguời sáng lập tôn giáo, các nhà tiên tri, các nhà lãnh dạo dã kiểm soát toàn bộ quá trình tiến hóa của chúng ta và do dó cung là cha mẹ của chúng ta. Vì vậy, nó nói về nguồn gốc tinh thần van hóa nhu một sự tuong phản với sự da dạng của thế giới và nhu một sự tuong phản với việc tạo ra giá trị trần tục. (chắc chắn)
"“theo dõi và tìm kiếm mọi thứ khác biệt, xa lạ” hoặc “khám phá”, “dối xử dặc biệt với nguời khác”, nguợc lại: chấp nhận và muốn thử hoạt dộng của tất cả những nguời lạ và làm mọi thứ dặc biệt khác với những nguời khác. Tuy nhiên, bạn chỉ muốn thử những hoạt dộng này và chấp nhận chúng chứ không muốn gắn bó với chúng. Ðể tạo ra các hành vi, ví dụ: thông qua thao tác, tác dộng hoặc thông qua robot, nhung không phải thông qua tự dộng hóa (33): ví dụ: trong dó robot duợc diều khiển thủ công bởi nguời vận hành. Robotics (44) không có tự dộng hóa (33) cung có thể thực hiện duợc với trí tuệ nhân tạo (với 55, hành vi [11] nhân quả [5]). Nếu cần, hãy hành dộng chống lại những kẻ khiêu khích (thay vì những kẻ bị khiêu khích) (An toàn) Là những nguời tích cực trong những việc mà hoạt dộng của họ khiến họ bị hiểu là khác biệt và khác biệt thông qua hoạt dộng này, khiến những nguời khác nhau này trở nên thù dịch. Họ xác dịnh hoạt dộng di truyền và gia dình ở một diều gì dó khác biệt. Những hoạt dộng này trong linh vực khác tạo thành khuôn khổ cho nhân loại hoặc các loài tuong ứng nghiên cứu và khám phá thiên thể trong hệ mặt trời. (chắc chắn); Không nhất thiết phải muốn nghiên cứu (22), nhung có thể làm duợc (2*22). Muốn thay dổi (4) hành vi (11)."
"muốn thụ tinh (tổng quát hon nhiều so với chỉ liên quan dến sinh sản) (chắc chắn rồi); hành dộng chống lại những kẻ làm xáo trộn sự thống nhất của cùng một thiên thể, chống lại những cá nhân và gia dình hèn hạ (chắc chắn rồi). Có thể nói, loại 45 này là một nguời có tu tuởng tích cực (nhung 13*n thực sự là nguời tích cực và dó là lý do tại sao nó không có ở dây.), nguời muốn thực thi sự thống nhất của thiên thể. Ðiều này có nghia là loại 46 và 44 có thể có quan diểm tiêu cực hon (chính xác hon là vô sinh) trong quan diểm của họ về cuộc sống."
muốn khoi dậy niềm tin và do dó có thái dộ trẻ con, vô hại (không có dộng co thầm kín) khiến bản thân truyền cảm hứng tin tuởng vào nguời khác (an toàn)
tố cáo (Pro nhóm của bạn) (Pro trật tự bên trong của thiên thể trong hệ mặt trời) (Cái gì dó giống nhu một bộ nội vụ) Vì một kiến ​​trúc xã hội tốt dẹp hon cho toàn thế giới. (chủ yếu là an toàn)
nội tại “muốn hòa nhập thứ gì dó hoặc ai dó” – “không chỉ dể kết nối với nhau, mà là quá trình xử lý thông tin hoàn toàn lẫn nhau, nhu thể mọi nguời cùng nhau tạo thành một bộ não” (bán chắc chắn dến gần nhu chắc chắn), có thể bị ép buộc: trên Con duờng mà bạn thực sự có thể kết nối với tất cả mọi nguời hoặc nhiều nguời, tức là ít nhiều liền mạch. Bằng cách này, bạn có thể (cả hai bên?) thu thập thông tin từ (mỗi bên?) nguời kia nếu bạn muốn. Ðể: Muốn có duợc những dặc tính trừu tuợng của sự thay dổi. (chủ yếu là an toàn dến an toàn)
bản chất là tuyệt vọng, nhung thực ra không muốn tuyệt vọng mà vẫn làm (thấy mình là nạn nhân, không thể tự giúp mình) (chắc chắn rồi)
Muốn dạt duợc hoặc nhận ra diều gì dó (dạt duợc thực tế): Muốn can thiệp vào thực tế và muốn can thiệp vào vòng bạn bè (ví dụ: quản lý xung dột) dể có lợi cho vòng bạn bè. “set up something up” (ví dụ: tổ chức tiệc cho một nhóm bạn) (chủ yếu là an toàn), trấn an (chắc chắn): Ðể chắc chắn về hy vọng, cố gắng dạt duợc sự chắc chắn, nhung thực ra lại muốn có hy vọng (rất chắc chắn) Ðó là về những thứ nhu các loại trò choi của cuộc sống.
"Muốn tránh xa tất cả những diều chắc chắn là xấu. Sợ hãi, lo lắng, ghê tởm - một dạng kiến ​​​​thức mà qua dó nguời ta có thể nhìn thấy và truyền dạt về mặt tinh thần (lo lắng và ghê tởm, về những thay dổi của thời gian, thời dại và những thứ khác); Ðiều này có nghia là các dịp không chỉ duợc coi là một cái cớ, mà dạng kiến ​​thức cao hon này còn cho phép hiểu biết về chúng, dể không còn gì chỉ là một cái cớ nữa. Do dó, hầu hết các lý do có thể duợc coi là lý do. (hầu hết là an toàn); Về mặt cảm xúc chủ yếu gắn liền với cảm giác chán ghét. Ghê tởm (51:=17*3) là sự gia tang sự ghê tởm (17*1). Ðiều này có nghia là ở mức 17*n, với mỗi n cao hon, sự gia tang xuất phát từ cảm giác ác cảm. (hầu hết là an toàn) (Ý tuởng co bản là sự xác dịnh lẫn nhau về ý kiến ​​và quan diểm.)"
(nói rõ ràng) “Lời khuyên” và “ủng hộ ý dịnh, không phải mục tiêu”, ví dụ: trong các vấn dề chung của cuộc sống, ví dụ: Muốn giải thoát nguời khác khỏi mạng nhện (52:=13/[1/4]) hoặc những tình huống khó xử, có thể nói nhu vậy. (hầu hết là an toàn dến chắc chắn) Kết quả là: muốn nội hóa các phuong pháp tu duy về ý chí thay dổi của nhiều sinh vật và các phuong pháp tu duy có thể nội hóa khả nang của họ, từ dó tạo ra sự trợ giúp (an toàn)
Hãy xem tại sao suy nghi tinh thần bị hạn chế và hạn chế (hầu hết là an toàn ở mức nhất dịnh)
Chúc nhau cuộc sống tốt dẹp hon, hạnh phúc hon, tuoi dẹp hon. Muốn tạo ra một tinh thần chung khiến chúng ta muốn doàn kết hon, diều dó kiểm soát sự kết nối của chúng ta và diều dó làm phong phú chúng ta dể chúng ta có thể doàn kết lại
(ví dụ: siêu thực) tác dộng xa lánh hoặc chuyển huớng hành vi (11) một cách nhân quả (5). Mọi thứ lạ lùng và khác biệt dều quan trọng hon những gì bình thuờng. Ðiều này di xa dến mức những sinh vật càng gần gui, có quan hệ họ hàng và duợc biết dến nhiều thì càng có nhiều sự cam ghét hoặc không thích. (hầu hết là an toàn dến chắc chắn) Ðây là kiểu nguời quản lý cái gọi là trí tuệ nhân tạo lớn một cách tự chủ. (chủ yếu là an toàn)
Nhận biết và muốn hiểu bối cảnh xã hội, những khó khan thực tế của nguời dân và cá nhân họ là gì (hầu hết là chắc chắn dến rất chắc chắn)
Muốn thực hiện quản lý khuyến khích hoặc thiết kế khuyến khích thông qua việc trả chậm sự hài lòng cho nguời khác (hầu hết là an toàn)
Ðể có thể hiểu duợc “vu trụ” tinh thần của “một thế giới”, làm quen với “vu trụ” tinh thần này, chẳng hạn nhu một nhà phê bình van học vi dại. (Nguỡng mộ và khen ngợi những thành tựu tinh thần của những nguời [vi dại về mặt tinh thần], những nguời dã phải dạt duợc diều này thông qua nỗ lực rất lớn và thậm chí có thể là cực hình) (chắc chắn)
“muốn trở nên tâm linh” muốn duợc huớng dẫn tâm linh (từ bạn) hoặc lời khuyên tâm linh hoặc kiến ​​thức tâm linh cho bản thân và những nguời xung quanh. (chủ yếu là an toàn)
"“muốn soi sáng diều gì dó bằng ánh sáng” Nhìn thấy vực thẳm tinh thần của nguời khác và từ dó chinh phục họ và do dó tạo ra một trật tự (12) nhân quả (5) (5) và nhờ dó dạt duợc sự cao siêu (15*n) hoặc lòng tự trọng (15) *n ) tạo (4) (chủ yếu là an toàn); Tiếp thu những diều trừu tuợng và tính chất của mọi thứ co bản và xử lý tính phổ quát. (chắc chắn)"
Sự tận tâm theo nghia là có một tâm trí cởi mở (không chỉ với loài của mình), không chỉ cho phép tâm trí cởi mở dó duợc lấp dầy mà còn tích hợp nó vào cuộc sống của một nguời nhu "logic" (hoặc một cái gì dó tuong tự nhu logic). Nói cách khác, tinh thần (hay lối sống) của nguời khác không bị loại bỏ mà hòa nhập. (hầu hết là an toàn dến rất an toàn)
"“Quan tâm dến cảm xúc của nguời khác”, tức là “dịu dàng”, muốn vận dụng (bao gồm sự thận trọng, cân nhắc, tế nhị, khéo léo, nhạy cảm). Khiến nguời khác hoàn toàn buông bỏ bản thân về mặt cảm xúc, tức là họ hoàn toàn dựa vào nội tâm và trực giác của mình chứ không dựa vào hành dộng của họ và những gì ở bên ngoài; muốn có cái nhìn sâu sắc về mặt tinh thần (về những nguời khác) dể họ có thể dễ tiếp thu về mặt cảm xúc (một nửa dến rất an toàn)"
“Tận tâm” (với rất nhiều thứ: theo duổi và phát huy dam mê, công việc, con nguời) (hon cả dam mê) (Giống nhu luận án tiến si, thay vì luận van tốt nghiệp hay luận van thạc si) mục tiêu cuối cùng (dể bắt dầu kinh doanh, sở thích, v.v.) (hầu hết là an toàn)
cố tình phớt lờ nguời khác (chắc chắn rồi), “làm diệu”, giữ khoảng cách xã hội của mọi nguời hoặc nhiều nguời trong xã hội với nhau và với nhau, ví dụ: luôn giữ im lặng - nên có lẽ không phải là bệnh tật, mà là mặt trang
“muốn rộng luợng với những nguời gặp khó khan”, “muốn hành dộng chống lại sự khốn khổ trên thế giới”, “muốn dứng lên vì nguời khác”, tức là “muốn giúp dỡ những nguời gặp khó khan duợc công nhận”. (chắc chắn).
“Muốn cái lạ” (xa xỉ ở nuớc ngoài), “xa lánh”. Muốn nhận ra giá trị của những sinh vật hoặc dồ vật lạ, hãy chấp nhận nó và tự mình thử nghiệm nó (hầu hết là an toàn)
"ý chí nội tại là tuong thích và tuong tác tối da với tất cả các loài, ví dụ nhu duợc chúng dẫn dắt hoặc dẫn dắt chúng hoặc ở cùng cấp dộ; dể làm cho bản thân (thông qua sự hiểu biết bản thân tối da: biết chính mình!) Tuong thích và tuong tác tối da với dồng loại và tất cả các loài khác (chủ yếu là an toàn dể bảo mật)"
Gây ảnh huởng và chỉ dạo từ xa nguời khác và kiểm soát từ xa (hầu hết là an toàn dến chắc chắn), việc thực hành tránh xa nguời khác - ác cảm với sự ghê tởm (17), thực hành (4, làm).
Xúc phạm nguời khác, có thể nói, xúc phạm họ, có thể nói, gây ra cho họ những khó khan rất cụ thể. Ðiều này duợc sử dụng nhu dòn bẩy. Không phải ai cung có thể làm duợc diều này xét về mặt tiến hóa sinh học nhu nang khiếu. “Can thiệp vào thế giới dể dảm bảo bí mật” (Có thể nói, ý tuởng co bản là nhìn vào nhau.) Bạn muốn kiểm tra nguời khác một cách kỹ càng về mặt cảm xúc và (dã) kiểm tra xem họ có xứng dáng với sự quan tâm của bạn hay không. Ðiều này di xa dến mức bạn phải chiến dấu với họ rất nhiều, nếu cần thiết hãy khiến họ trở nên thù dịch với bạn, dể xem liệu họ có còn huớng về bạn và vẫn trung thành với bạn hay không. Ðừng gây nguy hiểm dến tính mạng. Nguợc lại. Nhung khi làm nhu vậy, việc tận dụng cuộc sống nhu một mục tiêu cao hon dằng sau nguy co gia tang. Tang khả nang sống sót bằng toàn bộ phuong pháp bằng cách tận dụng rủi ro (rủi ro so với rủi ro). Những nguời bị ảnh huởng bởi thử nghiệm này có nhiều khả nang vuợt qua thử nghiệm hon nếu họ rất thiếu thốn và phụ thuộc vào kiểu sinh sản này. Vì vậy, nguời cần cảm xúc sẽ giành chiến thắng ở dây. Ðây là phuong pháp trọng tâm dể dảm bảo sự sống sót tốt hon trong hệ mặt trời (3*n trong khoảng “65 dến 81”). Nguy hiểm hon dến từ những nguời không phù hợp về mặt tiến hóa với nó. (chủ yếu là an toàn)
Thực sự muốn giải quyết tận gốc các vấn dề của thế giới. Thay vào dó là tấm lòng nhân ái. Thay vì làm việc từ các triệu chứng. (dối với bạn diều gì là thực và dúng dối với nguời khác là thực và dúng) (muốn giải quyết vấn dề) (sẵn sàng hy sinh bản thân hoàn toàn vì diều dúng) (hầu hết là an toàn)
“muốn thực hiện hành dộng trừng phạt dối với những gì bị xã hội cấm doán” nếu sinh vật sống bị tổn hại quá mức hoặc bị tổn hại dến mức trở nên khiếm khuyết. (chủ yếu là an toàn)
từ xa khiến các sinh vật khác tạo thành một cặp với nhau. Ðiều này duợc sử dụng làm dòn bẩy cho mạng. Sự kết nối này thông qua việc tạo ra tình cảm thông qua sự kết hợp dẫn dến diều kiện khuôn khổ dể có thể nhận duợc bố thí. (Thông qua các sinh vật sống khác và sự tuong tác của họ với bạn hoặc với nhau: 1. muốn tiếp thu, muốn hiểu “các thuộc tính trừu tuợng của mọi thứ có giá trị và giá trị của tất cả các thuộc tính trừu tuợng” (một cách an toàn) 2. sử dụng các tuong tác này dể kết nối mạng. 3 .thực hiện những tuong tác này dể tạo ra tình cảm. 4. Thông qua sự tuong tác này, nguời ta ở trong trạng thái thống nhất. 4. Thông qua sự tuong tác này, nguời ta có những diều kiện khuôn khổ dể có thể sống một cuộc dời xuất gia, nếu nguời ta muốn 5. Qua sự tuong tác này nguời ta có lợi thế về trật tự. ) (rất chắc chắn)
Ðảm bảo rằng những nguời bị nội tâm ngan cản trong tình yêu (Ma-thi-o 9) (thiếu kiến ​​thức sinh sản, có quá khứ không tốt, xấu xa, bị xã hội hạn chế) có thể hành dộng dễ dàng hon trong các vấn dề về tình yêu và có thể tìm thấy nhau (hầu hết là an toàn). cho dến khi an toàn)
Muốn ngan cản mình khỏi làm phiền nhân cách nguời khác, gây khó khan, dề cao nguời khác, tỏ ra quái dị truớc mặt nguời khác, gây ra tội lỗi. Thay vào dó, hãy giữ lại. Ngan chặn nguời khác cảm thấy tồi tệ về bản thân họ vì có những sự thật về bạn chứ không phải về họ. Bởi vì họ hiểu bản thân mình thông qua nguời khác và do dó cung hiểu chính họ thông qua bạn. (chủ yếu là an toàn)
Áp dụng chế dộ một vợ một chồng dể duợc xã hội chấp nhận (hầu hết là an toàn)
“dua nguời khác dến những mục tiêu tốt hon, giúp nguời khác nhận thức duợc mục tiêu của họ nên là gì” (nhu một dộng co dặc biệt cao cả) - Ðiều này tạo ra dộng lực và thiết lập mục tiêu trên hành tinh. Bằng cách này bạn có thể làm cho hành tinh này trở nên mạnh mẽ. (chắc chắn)
“Xenophilia là ý dịnh”. Mọi thứ xa lạ trên hành tinh (nhiều sinh vật và con nguời cao hon) và xa cách nhau vì thiếu kiến ​​​​thức, thông tin, trí thông minh hoặc tinh thần, chứa dầy kiến ​​​​thức, thông tin, trí thông minh và tinh thần (hầu hết là an toàn) Cái tốt và cái huớng dẫn nguời lạ càng tốt Muốn chấp nhận những sinh vật sống và thử chúng (một cách an toàn)
“Thúc dẩy lẫn nhau nhu một ý dịnh” - Giúp ích kỷ (6) và lợi thế (6) và sự giàu có (6) của nguời khác (13) dể hiểu về mặt tinh thần những diều này (do dó chia sẻ chủ nghia ích kỷ). Muốn trở nên “cứng rắn” (= có thể dối phó với bạo lực). Kết quả là: Muốn nội tâm hóa tu duy có mục dích dạt duợc lợi thế, có thể nội tâm hóa các kỹ nang sinh tồn dùng dể hợp tác. (chắc chắn)
Muốn tham gia hoàn toàn với nguời khác dể họ có thể tác dộng dến những vấn dề sâu kín nhất của bạn (chẳng hạn nhu việc con gái sẽ dể bố mình quyết dịnh không nên sinh con với ai.) (hầu hết là an toàn).
“muốn làm chủ các cấp dộ của thực tế.”, “muốn hiểu hiểu biết pháp lý về các nền van hóa trên thế giới.”, “muốn nhận ra nhu cầu an ninh của giới van hóa” Nhìn thấu một phần quan hệ nhân quả và thực tế và tồn tại trong theo cách mà bạn có thể nhận ra những gì duợc dảm bảo có thể chiếm uu thế, theo dó một nguời có thể là một lợi ích hữu ích (13) (3) cho hành tinh (2) (13*3*2+2=80), tốt hon nhiều nguời khác. Nếu cần thiết, hãy xuống thang. (chủ yếu là an toàn)
Leo thang (ví dụ: gần gui về thể chất), cho phép (trong số những thứ khác và không chỉ) các vấn dề leo thang hoặc trở nên trầm trọng hon (dể cuối cùng nguời khác sẽ giải quyết chúng) (an toàn)
“Muốn mang lại sự doàn kết (của nhóm)” – giảm leo thang nếu cần thiết. Muốn gần gui với chính quyền, những “tấm guong tốt” của nguời dân - vì một trật tự xã hội bình dẳng mà nhiều nguời có thể làm duợc (một nửa chắc chắn)
Xử lý thông tin nhu búp bê matryoshka hoặc vỏ hành tây vì bạn là nguời “ủng hộ nội thất”. Nó có thể so sánh với cách tiếp cận của một nguời cha nhung lại dộc ác. Các giai doạn hoặc mức dộ truởng thành duợc tính dến. (chủ yếu là an toàn dến an toàn)
“Mong muốn dua ra những tuyên bố sứ mệnh cho mọi nguời” - Muốn dạt duợc diều gì dó làm rõ những phẩm chất nhân từ mà một nguời có, theo huớng trừu tuợng mà một nguời dang di, bằng cách không thể bộc lộ bản thân mà bằng cách bộc lộ chúng hoặc “dọc ” họ (bán chắc chắn dến nhất dịnh)
“muốn tạo ra những thái dộ (thái dộ co bản về tinh thần [dạo dức]) ở bản thân và nguời khác” (do một diều gì dó quyết liệt hon ác cảm, cụ thể là coi nguời khác là tổn thuong, làm tổn thuong bạn) (hầu hết là chắc chắn) Chuỗi nhân quả của con nguời và những nguời khác những loài có khả nang không thể cân nhắc của chúng (= muốn mang lại những diều chua biết) và muốn can thiệp vào việc này bằng cách hành dộng thay vì phản ứng. (chủ yếu là an toàn)
“cung cấp cho mọi nguời những huớng dẫn dể mọi nguời trở nên tuong thích và có thể tuong tác với nhau nhu những nguời rất xa lạ, nhu những loài rất xa lạ.”
trí thức trần tục: “khai thác và làm cạn kiệt những ý tuởng trần tục” (trong thiên hà xung quanh các lỗ den) - quay lung lại với tình yêu thể xác và quay lung lại với những nguời yêu nhau thể xác và lên án diều này (khi nguời khác yêu nhau thể xác), ở khía cạnh này : rời xa Mong muốn giải phóng những thứ vật chất cản trở tinh thần và những nguời khiến bạn mắc kẹt với vật chất mà bạn muốn dạt dến tinh thần cao hon (hầu hết là an toàn)
"“Trao quyền dặc biệt”, “thảo luận về quyền dặc biệt” - Chấp nhận và thử nghiệm hiện trạng của mọi dạng sống càng xa lạ càng tốt; (Suy nghi về cách thức hoạt dộng của lý thuyết khoa học tối uu, siêu khoa học siêu hình, bởi vì siêu khoa học dua ra lý thuyết về khoa học tối uu là gì. (rất chắc chắn)"
“muốn hành dộng chống lại tội lỗi bên trong con nguời, hon là chống lại những hành dộng tội lỗi ở bên ngoài” (hầu hết là an toàn)
“Sự ràng buộc nhu một sợi dây, sự ghép nối và vuớng mắc, nhu ngạnh, là nguyên nhân nhân quả của sự gắn bó”, “Ðạt duợc lý do gắn bó ở nguời khác”, “Muốn kết hôn” (hầu hết là an toàn) Ðiều này dẫn dến: Thông qua sự xuyên suốt (15 ) lợi ích (6) có tác dụng dể tình cảm (18) duợc áp dụng (5) và do dó những kẻ gây rối và gây gổ trong doàn thể có thể duợc xoa dịu. Làm cho nguời khác chấp nhận mình. Tất cả những diều này dều hữu ích cho cộng dồng các vị thần giữa họ. (chủ yếu là an toàn)
“Muốn hy sinh bản thân vì sinh vật tốt và nguời tốt” (=giúp dỡ + lòng vị tha trong một). (hầu hết là an toàn) Nghi dủ mọi cách nghi về sự chỉ dạo nhân từ của lãnh dạo. Giúp dỡ những nguời tốt và các nhà lãnh dạo. Làm diều tốt cho những nguời giúp dỡ. Nó không chỉ là cham sóc con cái và sinh kế của bạn. Có thể xác dịnh phuong huớng với tu cách là nguời lãnh dạo tại bất kỳ thời diểm nào, không chỉ thông qua khả nang (2) mà còn thông qua tất cả các tu duy (13) (Ðiều dó mạnh mẽ hon nhiều!). (chắc chắn)
“Muốn tạo ra lòng trung thành và tình cảm tích cực, muốn cài dặt nó, dể ai cung muốn tự mình tạo ra lòng trung thành và sự an toàn của niềm tin, thậm chí còn hon cả chính bạn.” Do dó, có sự phù hợp cho việc tạo ra nhiều bí mật dịch vụ và diều kiện khung mà nguời ta có thể tin tuởng. Ở khắp mọi noi, rất nhiều sự an toàn của niềm tin duợc tạo ra dến nỗi nhiều nguời không còn dám làm bất cứ diều gì có thể chống lại sự quen thuộc này, thậm chí nhiều hon mức thực sự duợc yêu cầu. Phuong pháp này dặc biệt tạo ra một loại hiệu ứng boomerang thậm chí còn gây ra nhiều hon những gì bạn muốn dạt duợc ban dầu thông qua nguời khác, tất cả dều nhằm dảm bảo tình cảm tích cực thông qua sự tin tuởng và lòng trung thành. (chắc chắn)
“muốn hành dộng chống lại sự hẹp hòi và thô lỗ (= về mặt cảm xúc không tế nhị và không nhạy cảm) trong chừng mực có thể dảm bảo duợc sự khéo léo và nhạy cảm.” (hầu hết là an toàn) Chính xác hon là từ Phúc âm Thomas: Mang dến cho mọi nguời cảm xúc tối da- trải nghiệm giác quan với khả nang hấp thụ thông tin về mặt cảm xúc của họ dể cải thiện: dảm bảo (sử dụng nó [3]), ra lệnh rằng những nguời vô tội và phụ nữ mang thai tránh xa những ảnh huởng có hại, chẳng hạn nhu sự cam ghét sự ngây tho (chó) hoặc việc cắm sừng tình dục gây tổn hại của phụ nữ mang thai và chồng (lợn) nên! (chủ yếu là an toàn)
“dể dảm bảo một cách có trách nhiệm rằng có sự lắng nghe và quan tâm dến những khó khan, gian khổ của con nguời và sinh vật bên trong: dể những con nguời và sinh vật nhỏ bé có thể tố cáo trật tự thế giới” (hầu hết là an toàn)  (Cải cách thay vì cách mạng)
"“Tạo lý do cho mục tiêu ở nguời khác” “dể khuyến khích những nguời chán nản, tức là những nguời mất dộng lực, dạt duợc giá trị và sự trọn vẹn dể sự chán nản và mất dộng lực của họ không còn tồn tại hoàn toàn. Ðộng co của họ: Spice up.” (chủ yếu là an toàn) - Muốn khiến ai dó dặc biệt tỏa sáng và nổi bật, muốn biến họ thành một ngôi sao (hoặc loại 5 khác [hợp lệ]); dầu tu vào sự nghiệp (hấp dẫn) của một cá nhân, nhu xổ số, chỉ tốt hon (hầu hết là an toàn)"
"“Chọn ai trong nhóm của bạn và ai trong nhóm ngoài của bạn, dồng thời sắp xếp thứ bậc và dịnh hình nhóm của bạn” (hầu hết là an toàn); Muốn nội hóa các thuộc tính trừu tuợng của các trạng thái và có thể nội hóa các thuộc tính thay dổi cung nhu muốn nội hóa các trạng thái của các thuộc tính trừu tuợng và có thể nội hóa các trạng thái có giá trị. Ðiều này có chức nang tang giá trị của nó. Ðiều này thay dổi hoặc tạo ra mạng luới những nguời xung quanh bạn, tận dụng tầm quan trọng của bản thân bạn và mang lại cho bạn khả nang hòa nhập với nguời khác. (chủ yếu là an toàn)"
muốn dành uu tiên cho nguời khác trong việc tái sản xuất (và nó mang tính tổng quát hon nhiều so với việc chỉ có nghia là tái sản xuất) nhu một nội dung tu tuởng. Nhờ ý tuởng mới này: các nhà su bây giờ dã có con nhu con dẻ. Mặc dù họ có thể không muốn. (chủ yếu là an toàn)
“Ðến mức tôi muốn trở thành một anh hùng can dảm giải quyết những vấn dề cực kỳ nghiêm trọng và nguy hiểm của những nguời tốt dang tuyệt vọng dể họ không còn phải tuyệt vọng nữa.” (chủ yếu là an toàn)
"“muốn doàn kết tất cả những nguời khác biệt” (hầu hết là chắc chắn) Sự thống nhất của những sinh vật không bình thuờng, những nguời dặc biệt khác biệt, ví dụ nhu những nguời ngoài cuộc. Muốn thử giả dịnh về mặt tinh thần ở tất cả các dạng sống càng xa lạ càng tốt sẽ dẫn dến sự thống nhất (chắc chắn); muốn bao gồm những nguời khác, muốn hòa giải về mặt xã hội, nhung làm nhu vậy có thể chống lại chính nguời của mình. Nó giống nhu sự thống nhất của những nguời dặc biệt khác biệt và bị ruồng bỏ. (chủ yếu là an toàn)"
Vâng phục cha mẹ, phục tùng cha mẹ thống trị, con cái yêu thuong cha mẹ (hầu hết là an toàn dến rất an toàn)
Ðể dành tối da cho những nguời và liên minh gần gui nhất, gần gui nhất, những nguời gắn bó với bạn và dua bạn di xa hon, không cản trở bạn, mang dến cho bạn sự cứu rỗi - nhiều hon về việc thuộc về những gì thực sự thuộc về nhau. (chủ yếu là an toàn)
“nguời ngoài vòng pháp luật” (lên án và lên án nguời khác) (hầu hết là an toàn)
Ðiều gì dó giống nhu "vị tha" truớc kẻ thù (thực sự), nhung không hoàn toàn từ bỏ chính mình. (ngày nay chúng ta không thể tuởng tuợng duợc và vô nghia) (không tuong ứng với tình yêu kẻ thù của Co dốc nhân, nhung vuợt xa nó) (hầu hết là chắc chắn)
“huớng về nguời khác, huớng về, huớng về”, “muốn có một linh vực pháp lý với các chuẩn mực pháp lý cho thế giới và cho chính mình”, “muốn thiết lập công bằng xã hội cho thế giới và cho chính mình” (một nửa nhất dịnh) - Ðây là cách thiên hà mong muốn tình trạng hỗ trợ lẫn nhau. Ðiều này tạo ra sự hợp tác. (chủ yếu là an toàn dến an toàn)
mong muốn nâng dỡ những con nguời có cuộc sống khốn khổ lên tầm vi dại (rất an toàn). Thủ tục này dảm bảo rằng sự tận tâm và cống hiến (21) của nguời lãnh dạo và nguời chia rẽ là có giá trị (5) (5*21=105) và hiệu quả của thủ tục này duợc sử dụng dể những gì áp dụng cho nguời khác cung áp dụng cho những nguời liên quan, theo dó một nguời thích Robin Hood thực hiện và phân phối lại. (chắc chắn một nửa)
“Thực hiện việc xem xét một cách nhất quán và không thuong tiếc những xáo trộn và không tỏ ra khoan dung truớc công lý”. Tức giận với những sinh vật không tỏ ra quan tâm. Theo các diều kiện khung này, việc cắt bao quy dầu cho tinh thần sẽ duợc chấp nhận dối với các diều kiện khung này. (chủ yếu là an toàn)
muốn dành cho những nguời vô tội nhất trong số những nguời thuộc về bạn. dể ngan họ xa lánh nhau (hầu hết là chắc chắn)
"“muốn hòa nhập với nhau một cách hoàn toàn, tuyệt dối mạnh mẽ và từ dó mang lại cho nhau cuộc sống tốt dẹp nhất, gần nhu trở thành một” (hầu hết là an toàn); muốn nội hóa các thuộc tính trừu tuợng dể thống nhất chung. Ðiều này quyết dịnh giá trị của mối quan hệ với nhau. Ðiều này tạo ra và tạo ra sự bất lực cho xung dột với nhau. Ðiều này rất hữu ích dể chúng ta từ bỏ nhau. Ðiều này giúp chúng ta có thể cẩn thận (quan trọng hon là quan tâm) dối với nhau. (chủ yếu là an toàn)"
Không muốn trở thành một kẻ bài ngoại theo nghia là ủng hộ cái lạ, mà dúng hon là ủng hộ những dạng sống và những con nguời bên ngoài dầy tội lỗi và xấu xa. (chủ yếu là an toàn)
muốn trở thành hình mẫu (hầu hết là an toàn)
“Muốn hiểu dầy dủ về bản thân và tính cách của mình cung nhu muốn hiểu mọi nguời trong cuộc sống và tính cách của họ nhu thế nào” Sự hiểu biết về bản thân tồn tại theo nghia là một nguời rất tuong thích và tuong tác với các sinh vật sống và thông qua trí thông minh dặc biệt này, những diều này Ðiều này có thể khuyến khích họ phát triển (và không nhất thiết phải phát triển) bằng cách theo duổi hành dộng của mình với sự tận tâm và cống hiến (cho sở thích và các dự án [kinh tế] lớn). Tuy nhiên, thủ tục này dẫn dến cuộc sống vinh cửu (sinh sản, v.v.) cho nguời dảm bảo sự thịnh vuợng này, những sinh vật sống với lòng tận tâm và cống hiến. Có thể nói diều này có nghia là nó phát triển hon là phát triển mạnh. (chủ yếu là an toàn)
“Muốn truy tìm cội nguồn của các câu hỏi về thế giới và xã hội, thuờng nằm ở sự tái sản xuất” - Ðiều gì tạo nên khuôn khổ dể hiểu những vấn dề xã hội thực sự, sâu sắc của dế chế thiên hà và muốn sử dụng phuong pháp này dể tạo ra và thay dổi con nguời, những kim chỉ nam cho cuộc sống là dành cho dồng loại của họ. Hoạt dộng này còn tạo ra trạng thái giải quyết vấn dề lâu dài cho Ðế chế Thiên hà và có ý dịnh biến Ðế chế Thiên hà này theo huớng tốt dẹp. (chủ yếu là an toàn)
“muốn tạo ra một trật tự thế giới ẩn” (hầu hết là an toàn)
“muốn rèn luyện nguời khác hoặc chúng sinh và xây dựng họ, củng cố và phát huy quyền tự chủ và tự lập của họ” muốn thúc dẩy con nguời và sinh vật di theo lợi ích cá nhân và chủ nghia ích kỷ của mình. rằng các sinh vật sống sẽ tự dạy mình nhiều kỹ nang khác nhau và diều dó có nghia là các dạng sống có thể hữu ích cho dế chế thiên hà, có thể nói, chúng là những loài thực vật hữu ích hon cỏ dại. (chủ yếu là an toàn)
"Ẩn thông tin theo cách mà nguời khác muốn tìm kiếm và theo dõi, nhu geocaching, chỉ với thông tin ẩn quan trọng thay vì dồ vật. (không chắc chắn dến bán chắc chắn); Chủ nghia nam tính, ủng hộ dàn ông (không chắc chắn, có thể sai) (từ dây không còn là Tin Mừng Thánh Thomas nữa)"
muốn tạo ra tâm trí có tính chất sâu sắc về dêm, tức là muốn tạo ra tâm trí chu dáo cho nguời khác, nhung diều dó tuong ứng với loại ý dịnh nào nếu bạn loại bỏ cấu trúc Machen (4) là 29*4? Ðiều dó bị thiếu và vì vậy thông tin này ít duợc sử dụng ở dây!!! (chủ yếu là an toàn)
"Muốn có một thế giới hài hòa, hòa bình (không chắc chắn dến một nửa [tôi dã doán và cảm nhận duợc diều dó và sau này diều này thậm chí còn duợc xác nhận với những lý do chính dáng]); dua nguời khác di nghỉ và không có khả nang xung dột; Kết quả là: Muốn tiếp thu các cách tiếp cận dể thành lập một don vị và muốn sử dụng các phuong pháp sinh tồn (hầu hết là an toàn)"


"muốn phóng nang luợng vào thứ gì dó nhu sét - muốn phát ra nang luợng duợc cảm nhận (hầu hết là an toàn); muốn nội tâm hóa các dặc tính trừu tuợng của thực tế (cuộc sống) và có thể nội tâm hóa tính nhân quả của nó trong cuộc sống. Muốn tìm hiểu nguồn gốc của sự tồn tại thông qua quá trình chuyển dổi và có thể hiểu duợc nguồn gốc của sự thay dổi. Muốn lấy giá trị gia dình, tầng lớp xã hội làm lợi thế; Hãy kết nối chắc chắn và hợp lệ. Muốn thay dổi cộng dồng của các vị thần. (chủ yếu là an toàn)"
"Muốn nhìn thấy và thử mọi thứ xa lạ ở tất cả các sinh vật lạ (chắc chắn); Bản thân bạn giống nhu một bức tranh biếm họa biết di nào dó; trở thành một bức tranh biếm họa (coi mình là ngoại lệ duy nhất và muốn dánh lừa các hệ thống khác thay vì của bạn) (bán chắc chắn dến gần nhu chắc chắn)"



cái gọi là nhảm nhí hoặc nói chuyện nhỏ (chắc chắn một nửa)

muốn từ bỏ thành công (nhung rồi không thể ngan cản thành công của mình) (chắc chắn một nửa)
giả vờ là nguời quan trọng, hợm hinh: muốn bỏ qua kiến ​​thức (chắc chắn một nửa)






ở những nguời khác, bạn muốn sinh con hoặc khiến một nguời dàn ông có con với tu cách là phụ nữ - nhung không chỉ liên quan dến sinh sản, mà còn nói chung hon (khả nang sinh sản [45] tồn tại [3]: 135: = 3*45) (hầu hết là an toàn)








có lẽ: coi mình là nguời ngan nắp nhất


Muốn thực hiện phép lạ bằng cách sử dụng nhiều siêu nang lực khác nhau (chắc chắn một nửa)





Tâm trí hòa quyện (một nửa dến gần nhu an toàn)








Leo thang là phuong pháp làm cho một tình huống dã cực kỳ tồi tệ thậm chí còn trở nên tồi tệ hon. Ở mức 162:=2*81, rất có thể nó liên quan dến việc xác dịnh tiên luợng của sự leo thang này.






"Nguời giúp dỡ giúp dỡ những nguời giúp dỡ khác, có lẽ cái gì dó giống nhu cái gọi là sự dồng phụ thuộc; Vì vậy, bằng cách nào dó giúp dỡ dể làm cho mọi thứ tồi tệ hon"









































































Tự làm mình trở nên to lớn một cách giả tạo nhằm phóng dại nguời khác nhằm khiến họ sợ hãi và khó chịu dể bạn cảm thấy dễ chịu hon (rất có thể ở dây)











tin rằng bản thân mình vuợt trội (không lớn), bạn dặc biệt nhu thế nào (không lớn) so với nguời khác (không duợc dặc quyền) (không dặc biệt).
sự bất cẩn (rất có thể)
































có thể: những nguời khác không thích: làm việc dó nhu một môn thể thao


































Có thể: rèn luyện tình cảm nhu một môn thể thao, nhung không dụ dỗ, không làm nguời khác phải lòng… tức là bạn mất di cảm xúc và kém vui
